Car_Name,Year,Selling_Price,Present_Price,Kms_Driven,Fuel_Type,Seller_Type,Transmission,Owner
Car_0,2011,2.68,22.12,52671,Petrol,Individual,Manual,1
Car_1,2019,6.74,15.48,94342,Petrol,Dealer,Manual,1
Car_2,2015,2.4,10.27,24171,Petrol,Individual,Manual,1
Car_3,2012,2.66,20.57,63541,Petrol,Individual,Manual,1
Car_4,2011,2.07,14.66,14470,Diesel,Individual,Automatic,1
Car_5,2023,3.98,4.28,49308,Petrol,Dealer,Manual,0
Car_6,2015,2.74,15.23,140669,CNG,Individual,Manual,0
Car_7,2015,5.43,22.93,107840,Petrol,Dealer,Automatic,0
Car_8,2008,0.73,11.42,54477,Petrol,Dealer,Manual,3
Car_9,2012,1.37,9.17,113261,Petrol,Dealer,Automatic,0
Car_10,2007,0.5,5.73,107466,Diesel,Dealer,Automatic,0
Car_11,2006,0.5,5.91,38071,Petrol,Individual,Automatic,1
Car_12,2016,3.29,12.24,75560,Diesel,Individual,Manual,0
Car_13,2010,1.88,15.9,81762,Diesel,Individual,Automatic,0
Car_14,2006,0.5,4.31,148641,CNG,Dealer,Automatic,1
Car_15,2005,1.27,23.64,7369,Diesel,Dealer,Automatic,0
Car_16,2016,4.98,19.49,114963,Petrol,Dealer,Manual,1
Car_17,2016,5.12,15.7,5528,Diesel,Individual,Manual,0
Car_18,2021,11.83,21.14,113806,CNG,Dealer,Manual,0
Car_19,2014,0.51,4.3,107979,CNG,Individual,Manual,2
Car_20,2020,7.15,13.23,24748,Petrol,Dealer,Manual,0
Car_21,2019,6.96,16.68,40109,Diesel,Individual,Manual,0
Car_22,2019,10.6,21.14,18919,Petrol,Dealer,Automatic,2
Car_23,2023,19.12,20.13,52498,Petrol,Dealer,Automatic,0
Car_24,2016,2.97,8.73,60808,Diesel,Dealer,Automatic,0
Car_25,2007,1.33,23.67,75441,CNG,Dealer,Automatic,0
Car_26,2009,0.51,5.3,118843,Diesel,Dealer,Automatic,1
Car_27,2023,20.36,22.19,79420,Diesel,Individual,Automatic,0
Car_28,2011,2.62,24.35,112447,Petrol,Dealer,Manual,1
Car_29,2013,1.06,6.49,71896,Petrol,Dealer,Manual,0
Car_30,2011,2.41,18.75,108431,Diesel,Dealer,Manual,0
Car_31,2022,2.2,3.41,52020,Petrol,Individual,Manual,1
Car_32,2008,1.13,11.62,27161,Diesel,Individual,Automatic,0
Car_33,2018,5.25,14.12,32738,Petrol,Individual,Manual,0
Car_34,2022,9.39,15.56,139997,Petrol,Dealer,Manual,1
Car_35,2013,3.24,23.56,144535,Diesel,Dealer,Manual,3
Car_36,2006,0.99,17.63,62153,Petrol,Dealer,Manual,0
Car_37,2019,5.44,13.33,66009,CNG,Individual,Manual,0
Car_38,2011,2.26,20.72,92938,Petrol,Individual,Automatic,0
Car_39,2016,4.93,23.89,104546,Petrol,Individual,Manual,2
Car_40,2012,0.5,3.0,61271,Diesel,Individual,Manual,2
Car_41,2019,11.92,24.61,14797,Petrol,Individual,Automatic,2
Car_42,2007,0.5,4.44,91130,Diesel,Individual,Automatic,0
Car_43,2018,7.99,20.82,76942,Petrol,Dealer,Manual,0
Car_44,2021,5.26,8.81,123065,Petrol,Dealer,Manual,0
Car_45,2008,0.5,5.47,18965,CNG,Individual,Manual,0
Car_46,2022,11.19,12.4,18733,Diesel,Dealer,Automatic,1
Car_47,2012,2.21,16.99,132182,Petrol,Individual,Manual,0
Car_48,2008,0.79,11.07,88360,Diesel,Individual,Manual,1
Car_49,2006,0.5,3.73,113378,CNG,Individual,Manual,2
Car_50,2010,1.87,15.99,33287,Petrol,Dealer,Automatic,0
Car_51,2014,3.72,22.8,87104,Petrol,Individual,Manual,1
Car_52,2008,0.78,11.12,91916,Diesel,Individual,Manual,0
Car_53,2022,5.47,7.37,8188,Petrol,Dealer,Manual,0
Car_54,2016,3.35,12.46,96205,Petrol,Dealer,Manual,0
Car_55,2006,0.5,3.59,102349,Diesel,Dealer,Manual,0
Car_56,2014,3.43,20.96,142837,Petrol,Individual,Manual,0
Car_57,2008,1.62,21.09,146879,Diesel,Dealer,Manual,1
Car_58,2018,6.82,15.73,15204,Diesel,Individual,Automatic,1
Car_59,2020,5.62,10.44,47120,Diesel,Individual,Manual,0
Car_60,2019,9.66,20.5,107903,Diesel,Dealer,Automatic,2
Car_61,2012,1.78,14.98,42081,Petrol,Individual,Manual,2
Car_62,2018,7.42,21.08,39986,Petrol,Dealer,Manual,1
Car_63,2012,2.14,16.71,84322,Petrol,Individual,Manual,0
Car_64,2020,10.11,20.15,99819,Diesel,Dealer,Manual,0
Car_65,2017,4.24,15.97,135015,Petrol,Dealer,Manual,1
Car_66,2022,7.59,11.82,55304,Petrol,Dealer,Manual,2
Car_67,2019,10.28,24.05,70592,CNG,Individual,Automatic,0
Car_68,2017,4.5,14.68,63548,CNG,Dealer,Automatic,1
Car_69,2013,2.67,16.11,103447,Petrol,Dealer,Manual,0
Car_70,2019,2.88,7.46,44986,Petrol,Dealer,Manual,1
Car_71,2017,5.71,16.58,79095,Diesel,Dealer,Manual,0
Car_72,2005,0.75,15.36,96594,Diesel,Individual,Automatic,1
Car_73,2011,0.7,6.66,93281,Petrol,Individual,Manual,1
Car_74,2013,0.56,3.84,71151,Petrol,Individual,Manual,0
Car_75,2005,0.75,16.1,78598,Diesel,Dealer,Manual,0
Car_76,2016,4.6,19.68,33214,CNG,Dealer,Manual,2
Car_77,2012,1.94,14.28,43745,Diesel,Individual,Manual,1
Car_78,2015,1.32,7.6,146753,Petrol,Individual,Manual,1
Car_79,2023,12.54,17.5,143056,Petrol,Dealer,Manual,1
Car_80,2021,2.3,4.3,95810,Diesel,Individual,Manual,2
Car_81,2012,1.82,12.44,5944,Petrol,Individual,Manual,0
Car_82,2007,0.5,6.18,98993,Petrol,Dealer,Manual,2
Car_83,2007,0.5,6.65,14114,Petrol,Individual,Manual,0
Car_84,2005,0.5,7.05,44846,Diesel,Dealer,Manual,0
Car_85,2009,1.02,11.2,37596,Diesel,Individual,Manual,1
Car_86,2014,0.58,3.65,109087,Diesel,Individual,Manual,3
Car_87,2011,1.83,11.45,11907,Diesel,Dealer,Automatic,0
Car_88,2013,2.24,14.01,30009,CNG,Individual,Automatic,0
Car_89,2011,1.47,13.37,89846,Diesel,Individual,Manual,1
Car_90,2013,1.91,11.11,55241,Petrol,Individual,Manual,0
Car_91,2012,3.2,21.38,23996,Petrol,Dealer,Automatic,3
Car_92,2016,1.44,5.77,142119,Diesel,Individual,Manual,1
Car_93,2006,0.62,13.88,33767,Petrol,Individual,Manual,2
Car_94,2005,0.5,3.9,21347,CNG,Dealer,Automatic,0
Car_95,2020,1.91,4.1,107063,Petrol,Dealer,Manual,0
Car_96,2009,1.25,15.41,29102,Petrol,Individual,Manual,1
Car_97,2007,1.06,15.24,9263,Diesel,Individual,Manual,0
Car_98,2016,6.25,22.26,113585,Diesel,Dealer,Manual,1
Car_99,2012,2.02,15.05,72438,Diesel,Individual,Manual,0
Car_100,2007,1.43,24.1,101359,Diesel,Individual,Manual,0
Car_101,2005,0.5,3.6,135251,Petrol,Dealer,Manual,2
Car_102,2007,0.5,4.71,32690,Petrol,Dealer,Manual,1
Car_103,2009,0.5,3.49,7994,CNG,Individual,Manual,0
Car_104,2019,2.15,6.67,108533,Petrol,Individual,Manual,2
Car_105,2018,4.79,14.68,72546,Petrol,Individual,Manual,1
Car_106,2007,1.01,17.03,143449,Petrol,Dealer,Manual,1
Car_107,2005,0.5,3.53,83572,Petrol,Individual,Manual,0
Car_108,2009,2.32,23.78,31467,Diesel,Individual,Manual,0
Car_109,2018,7.33,21.45,136120,Diesel,Dealer,Manual,2
Car_110,2011,1.22,9.17,52606,Diesel,Dealer,Manual,0
Car_111,2013,0.63,4.24,103112,Diesel,Individual,Manual,0
Car_112,2019,2.99,6.32,78414,Petrol,Dealer,Manual,0
Car_113,2019,2.43,5.36,98145,Petrol,Dealer,Manual,0
Car_114,2014,0.94,5.27,53115,Petrol,Dealer,Manual,1
Car_115,2017,5.35,14.17,94606,Petrol,Dealer,Automatic,0
Car_116,2023,6.86,8.03,45647,Petrol,Individual,Manual,0
Car_117,2011,1.17,10.56,59607,Petrol,Dealer,Manual,2
Car_118,2021,17.65,24.76,26996,Diesel,Individual,Automatic,1
Car_119,2008,1.3,17.9,88697,Diesel,Individual,Manual,0
Car_120,2009,2.54,23.85,51022,Diesel,Individual,Automatic,1
Car_121,2011,0.87,5.71,45148,Diesel,Dealer,Automatic,0
Car_122,2017,3.38,11.1,72764,Petrol,Individual,Manual,0
Car_123,2019,7.1,14.98,96901,Petrol,Individual,Automatic,1
Car_124,2015,1.02,4.23,95724,Petrol,Individual,Automatic,1
Car_125,2008,0.5,2.59,129766,Petrol,Individual,Automatic,2
Car_126,2017,5.13,17.58,13888,Petrol,Individual,Manual,1
Car_127,2011,1.58,16.94,103941,Petrol,Individual,Manual,2
Car_128,2023,9.16,11.74,22333,Diesel,Individual,Manual,3
Car_129,2006,0.7,13.52,41355,Diesel,Individual,Manual,1
Car_130,2014,2.02,11.85,134686,Diesel,Dealer,Manual,2
Car_131,2017,0.86,3.04,108170,Petrol,Dealer,Manual,1
Car_132,2010,1.2,10.05,80675,Diesel,Individual,Automatic,0
Car_133,2016,1.83,6.48,72664,Diesel,Dealer,Manual,0
Car_134,2016,1.52,4.71,91153,Diesel,Individual,Automatic,0
Car_135,2015,4.48,24.03,98616,Petrol,Dealer,Manual,2
Car_136,2011,1.76,15.99,40285,Diesel,Individual,Manual,1
Car_137,2005,0.81,18.89,51996,Diesel,Individual,Manual,1
Car_138,2005,0.5,9.6,51947,Petrol,Dealer,Manual,0
Car_139,2017,3.96,11.35,56030,Petrol,Individual,Automatic,0
Car_140,2013,1.22,7.83,47443,Petrol,Individual,Manual,0
Car_141,2007,0.5,4.68,133344,Diesel,Individual,Manual,2
Car_142,2011,0.67,6.53,70464,Diesel,Individual,Manual,2
Car_143,2010,1.83,20.44,133019,Petrol,Dealer,Manual,1
Car_144,2012,2.27,17.74,140024,Petrol,Individual,Manual,0
Car_145,2013,2.02,14.81,125454,CNG,Dealer,Manual,0
Car_146,2009,1.05,13.19,129444,Petrol,Dealer,Manual,0
Car_147,2005,0.91,23.25,117175,Petrol,Individual,Manual,0
Car_148,2023,2.99,4.14,47460,Petrol,Individual,Manual,2
Car_149,2014,2.33,8.81,5015,Diesel,Individual,Automatic,0
Car_150,2016,3.08,10.37,54757,Diesel,Individual,Manual,1
Car_151,2019,7.95,20.1,86541,Petrol,Dealer,Manual,1
Car_152,2013,3.63,24.83,26292,CNG,Individual,Manual,0
Car_153,2021,5.38,7.92,127694,Diesel,Individual,Automatic,0
Car_154,2021,13.33,22.17,52046,Petrol,Dealer,Automatic,3
Car_155,2016,7.27,21.19,19817,Diesel,Individual,Automatic,0
Car_156,2011,0.85,7.55,14759,Petrol,Individual,Manual,1
Car_157,2006,0.68,11.48,11412,Diesel,Dealer,Manual,0
Car_158,2007,0.66,11.72,25504,Petrol,Individual,Manual,2
Car_159,2021,17.61,24.51,113500,Diesel,Dealer,Automatic,0
Car_160,2009,0.55,6.57,13507,Petrol,Dealer,Manual,1
Car_161,2021,12.65,20.48,26050,Diesel,Individual,Manual,1
Car_162,2021,6.12,10.02,140892,Petrol,Individual,Automatic,0
Car_163,2021,9.27,18.94,143907,Diesel,Individual,Manual,0
Car_164,2006,0.51,11.95,105153,Petrol,Individual,Manual,2
Car_165,2006,0.79,15.51,18587,CNG,Individual,Manual,0
Car_166,2009,1.74,21.23,62732,Diesel,Individual,Manual,1
Car_167,2005,0.85,20.59,56921,Petrol,Dealer,Manual,1
Car_168,2005,0.78,21.99,122734,CNG,Individual,Manual,0
Car_169,2023,3.47,3.84,135104,Petrol,Dealer,Automatic,0
Car_170,2006,0.98,18.07,142912,Diesel,Individual,Automatic,0
Car_171,2016,1.54,5.65,36440,Diesel,Individual,Manual,1
Car_172,2010,1.18,11.86,40183,Petrol,Dealer,Manual,1
Car_173,2008,0.77,14.84,101172,CNG,Individual,Manual,2
Car_174,2015,2.3,11.56,138461,Petrol,Individual,Manual,1
Car_175,2021,7.71,14.19,119515,Petrol,Dealer,Manual,2
Car_176,2010,2.56,24.92,128183,Diesel,Dealer,Manual,0
Car_177,2009,0.53,5.54,71299,Diesel,Individual,Automatic,1
Car_178,2006,0.98,17.7,120503,Petrol,Dealer,Automatic,0
Car_179,2010,1.1,11.41,44023,Petrol,Individual,Manual,0
Car_180,2015,1.22,5.49,44941,Diesel,Individual,Manual,1
Car_181,2020,2.73,6.07,126677,Petrol,Individual,Manual,1
Car_182,2020,11.37,23.86,81054,CNG,Dealer,Manual,0
Car_183,2005,0.87,22.29,70363,Diesel,Individual,Manual,1
Car_184,2013,4.0,22.91,66742,Petrol,Dealer,Automatic,0
Car_185,2010,2.4,24.81,50215,Petrol,Individual,Automatic,2
Car_186,2020,3.94,7.19,52857,Diesel,Dealer,Manual,0
Car_187,2007,0.64,10.5,60476,Petrol,Individual,Manual,0
Car_188,2008,1.28,17.56,145467,Diesel,Individual,Automatic,1
Car_189,2023,10.92,13.39,64768,CNG,Individual,Automatic,1
Car_190,2007,0.78,11.91,108591,Diesel,Dealer,Manual,1
Car_191,2023,8.24,10.55,51229,Petrol,Dealer,Manual,1
Car_192,2011,1.67,15.86,116706,Petrol,Individual,Automatic,2
Car_193,2013,2.45,15.45,67583,Diesel,Dealer,Manual,1
Car_194,2005,0.5,6.13,131011,Diesel,Individual,Manual,1
Car_195,2012,1.99,13.11,35104,Diesel,Dealer,Manual,1
Car_196,2011,1.86,14.95,42594,Petrol,Individual,Automatic,2
Car_197,2022,12.23,15.33,8664,Diesel,Individual,Manual,0
Car_198,2012,0.96,7.23,15528,Petrol,Dealer,Manual,1
Car_199,2005,0.88,19.2,133404,Diesel,Individual,Automatic,1
Car_200,2015,0.87,3.07,37899,Diesel,Dealer,Automatic,0
Car_201,2022,9.42,10.48,75979,Diesel,Dealer,Automatic,1
Car_202,2014,4.11,20.05,22241,Petrol,Dealer,Manual,0
Car_203,2007,0.99,15.19,51211,Diesel,Individual,Manual,0
Car_204,2011,0.86,8.38,68472,Petrol,Individual,Manual,2
Car_205,2020,9.64,18.14,36346,Diesel,Individual,Manual,0
Car_206,2020,8.52,15.27,86196,Petrol,Dealer,Automatic,1
Car_207,2021,12.53,20.42,109451,Petrol,Individual,Automatic,0
Car_208,2006,0.97,19.04,107908,Petrol,Dealer,Manual,1
Car_209,2005,0.76,16.23,54167,Diesel,Dealer,Manual,0
Car_210,2020,7.72,13.48,41373,Diesel,Dealer,Manual,0
Car_211,2016,1.4,5.5,72143,Diesel,Individual,Manual,2
Car_212,2009,0.69,8.38,125623,Diesel,Individual,Manual,0
Car_213,2009,1.05,11.93,115013,Diesel,Dealer,Manual,0
Car_214,2013,2.63,15.98,7016,Petrol,Individual,Manual,0
Car_215,2013,2.71,14.06,74110,Diesel,Dealer,Automatic,0
Car_216,2007,0.66,8.98,12274,Diesel,Individual,Manual,0
Car_217,2023,2.27,2.65,20748,Petrol,Dealer,Manual,0
Car_218,2020,7.52,13.67,16826,Petrol,Dealer,Automatic,1
Car_219,2020,3.69,8.93,88008,Petrol,Individual,Manual,2
Car_220,2007,1.05,19.03,134288,Petrol,Individual,Manual,1
Car_221,2005,0.5,3.04,110623,Petrol,Individual,Manual,1
Car_222,2015,3.63,15.66,144592,Petrol,Individual,Automatic,0
Car_223,2021,15.41,23.68,88106,Diesel,Individual,Automatic,2
Car_224,2012,1.08,6.42,59638,Petrol,Individual,Automatic,0
Car_225,2008,0.73,13.11,74072,Petrol,Individual,Manual,3
Car_226,2010,0.5,4.56,72309,CNG,Dealer,Automatic,0
Car_227,2012,2.18,16.58,129724,Diesel,Individual,Manual,2
Car_228,2007,0.81,14.89,132843,Petrol,Individual,Manual,1
Car_229,2020,7.52,11.67,40326,Diesel,Dealer,Automatic,0
Car_230,2007,0.77,14.23,10079,Petrol,Individual,Manual,3
Car_231,2022,18.89,22.67,126412,Petrol,Dealer,Automatic,0
Car_232,2018,2.61,6.92,92340,Petrol,Individual,Automatic,1
Car_233,2022,1.64,3.01,90211,CNG,Dealer,Manual,2
Car_234,2006,1.31,21.89,47749,Diesel,Dealer,Manual,0
Car_235,2007,0.93,15.49,123192,Diesel,Dealer,Manual,0
Car_236,2020,10.49,22.54,79534,CNG,Individual,Automatic,1
Car_237,2013,2.19,15.93,84233,CNG,Dealer,Manual,1
Car_238,2008,1.62,20.73,56818,Diesel,Individual,Automatic,2
Car_239,2005,0.5,12.17,116910,Diesel,Individual,Manual,1
Car_240,2008,1.51,19.37,18429,Petrol,Dealer,Manual,0
Car_241,2005,0.87,23.04,62748,Petrol,Individual,Manual,2
Car_242,2018,5.5,15.37,53807,Diesel,Dealer,Manual,3
Car_243,2020,4.21,6.57,12140,Diesel,Individual,Automatic,0
Car_244,2012,1.03,8.55,68226,CNG,Individual,Manual,0
Car_245,2011,0.8,6.97,93815,Petrol,Dealer,Manual,0
Car_246,2007,0.54,8.05,33525,Diesel,Dealer,Manual,2
Car_247,2021,6.34,9.39,25491,Diesel,Individual,Manual,0
Car_248,2005,0.56,14.99,13078,Petrol,Individual,Manual,2
Car_249,2020,8.02,15.73,96654,Diesel,Dealer,Automatic,3
Car_250,2016,3.25,12.1,134101,Diesel,Dealer,Manual,0
Car_251,2023,12.11,16.35,21997,Petrol,Individual,Manual,0
Car_252,2018,1.63,4.34,136940,Diesel,Dealer,Manual,0
Car_253,2010,0.5,4.48,102356,Petrol,Individual,Manual,0
Car_254,2010,0.56,6.37,118711,Petrol,Individual,Manual,0
Car_255,2017,4.59,14.16,26246,Diesel,Dealer,Manual,1
Car_256,2023,6.03,7.31,39512,Petrol,Individual,Manual,1
Car_257,2012,1.04,8.87,62865,Petrol,Individual,Manual,3
Car_258,2006,0.54,11.51,108393,Petrol,Individual,Manual,0
Car_259,2005,0.93,20.77,77144,Petrol,Individual,Automatic,1
Car_260,2019,0.99,2.81,122363,Petrol,Individual,Manual,2
Car_261,2005,0.8,17.11,55665,Petrol,Individual,Manual,0
Car_262,2009,1.55,17.55,98542,Diesel,Dealer,Manual,0
Car_263,2020,10.22,20.47,106311,Diesel,Individual,Automatic,1
Car_264,2023,21.46,23.49,19325,Petrol,Dealer,Automatic,2
Car_265,2008,0.5,2.95,137825,Petrol,Dealer,Manual,0
Car_266,2007,0.5,5.96,73811,Petrol,Individual,Manual,1
Car_267,2021,11.81,22.44,121737,Petrol,Individual,Automatic,3
Car_268,2021,8.51,12.82,5824,Diesel,Individual,Manual,0
Car_269,2016,4.37,15.2,149952,Diesel,Dealer,Automatic,0
Car_270,2018,6.24,17.42,122718,Diesel,Individual,Manual,1
Car_271,2010,1.65,17.78,71617,Petrol,Individual,Manual,0
Car_272,2007,1.26,23.46,16517,CNG,Individual,Manual,1
Car_273,2013,3.79,24.93,108068,Petrol,Individual,Manual,0
Car_274,2009,1.62,18.7,120016,Diesel,Individual,Automatic,2
Car_275,2021,6.54,8.96,14982,Diesel,Individual,Automatic,2
Car_276,2018,9.4,22.29,75210,Diesel,Dealer,Manual,0
Car_277,2007,0.5,3.61,74852,Petrol,Individual,Manual,0
Car_278,2005,0.5,7.7,118618,Petrol,Dealer,Automatic,1
Car_279,2005,1.15,22.69,14695,Diesel,Individual,Manual,0
Car_280,2007,0.5,8.26,53582,Petrol,Individual,Manual,1
Car_281,2022,5.28,7.46,36094,Petrol,Dealer,Manual,0
Car_282,2014,1.16,5.61,27187,Diesel,Individual,Manual,0
Car_283,2007,1.26,21.83,123013,Petrol,Individual,Automatic,0
Car_284,2012,1.97,13.75,133721,Diesel,Dealer,Manual,0
Car_285,2018,5.81,17.69,111683,Petrol,Dealer,Manual,0
Car_286,2022,7.18,7.88,6214,Diesel,Dealer,Automatic,1
Car_287,2019,8.2,19.56,28940,Petrol,Dealer,Manual,1
Car_288,2006,1.03,19.6,49406,Diesel,Individual,Manual,1
Car_289,2014,1.96,9.53,63414,Petrol,Individual,Automatic,0
Car_290,2006,0.62,11.74,106440,Diesel,Dealer,Manual,0
Car_291,2021,4.42,7.22,108569,Diesel,Individual,Manual,0
Car_292,2012,3.15,24.47,65481,Petrol,Individual,Manual,0
Car_293,2005,0.78,17.03,32740,Petrol,Individual,Automatic,1
Car_294,2013,3.47,23.53,68328,Petrol,Dealer,Manual,1
Car_295,2015,2.21,9.33,16881,Petrol,Individual,Manual,0
Car_296,2020,10.22,20.09,41996,Diesel,Dealer,Manual,1
Car_297,2011,2.4,19.73,127196,Petrol,Individual,Automatic,0
Car_298,2014,3.68,18.06,42177,Diesel,Individual,Manual,2
Car_299,2007,1.61,24.23,71126,Diesel,Dealer,Automatic,2
Car_300,2022,7.4,11.35,61531,Petrol,Individual,Manual,0
Car_301,2017,1.83,5.44,31119,Diesel,Individual,Manual,1
Car_302,2011,2.02,17.61,122744,Petrol,Dealer,Automatic,1
Car_303,2008,1.3,18.91,121894,Petrol,Individual,Manual,0
Car_304,2017,3.76,15.44,138780,Petrol,Individual,Manual,2
Car_305,2005,0.5,7.15,49989,Diesel,Individual,Manual,1
Car_306,2012,1.86,13.85,27106,Petrol,Individual,Manual,1
Car_307,2018,3.89,9.52,22131,Diesel,Dealer,Manual,1
Car_308,2020,6.75,12.12,51553,Petrol,Individual,Automatic,0
Car_309,2018,6.58,17.02,11553,CNG,Individual,Automatic,0
Car_310,2016,5.67,19.27,22881,Diesel,Dealer,Manual,0
Car_311,2023,7.34,7.73,6379,Petrol,Individual,Automatic,0
Car_312,2019,4.28,11.62,95791,Diesel,Individual,Manual,3
Car_313,2006,0.5,8.56,110664,Diesel,Individual,Manual,0
Car_314,2006,0.5,6.97,74306,Petrol,Individual,Manual,2
Car_315,2023,13.69,20.13,145160,Petrol,Dealer,Manual,2
Car_316,2021,11.74,22.96,109512,Petrol,Dealer,Manual,2
Car_317,2014,2.63,10.83,21350,Diesel,Dealer,Automatic,0
Car_318,2010,2.24,19.4,104599,Diesel,Individual,Automatic,0
Car_319,2019,9.61,22.68,86397,Petrol,Dealer,Manual,0
Car_320,2015,3.95,21.54,84509,Petrol,Dealer,Manual,3
Car_321,2009,0.53,6.61,22769,Petrol,Dealer,Manual,2
Car_322,2005,1.24,24.02,106584,Diesel,Dealer,Automatic,0
Car_323,2012,1.62,10.98,51365,Diesel,Individual,Manual,0
Car_324,2016,2.36,10.13,55185,CNG,Individual,Manual,1
Car_325,2016,1.07,3.9,138858,Petrol,Dealer,Automatic,0
Car_326,2009,0.9,13.44,131525,Petrol,Individual,Manual,2
Car_327,2011,0.5,4.95,137692,Petrol,Individual,Manual,2
Car_328,2008,0.62,8.09,41303,Diesel,Individual,Manual,1
Car_329,2010,0.84,9.63,24589,Petrol,Individual,Manual,1
Car_330,2017,6.05,20.7,7882,Petrol,Individual,Manual,1
Car_331,2019,10.01,22.2,134236,Diesel,Dealer,Manual,0
Car_332,2007,0.5,9.31,14745,Petrol,Individual,Manual,2
Car_333,2012,2.64,21.82,20861,Petrol,Individual,Manual,2
Car_334,2020,12.04,21.79,96707,Diesel,Dealer,Manual,0
Car_335,2017,5.53,19.7,59261,Petrol,Dealer,Manual,0
Car_336,2022,3.61,5.8,138909,Petrol,Individual,Manual,0
Car_337,2014,3.29,18.03,79135,Petrol,Individual,Automatic,2
Car_338,2023,18.5,23.76,59380,Petrol,Individual,Manual,0
Car_339,2021,9.97,17.86,91089,Petrol,Individual,Manual,1
Car_340,2023,6.93,9.96,110025,CNG,Individual,Manual,0
Car_341,2009,1.02,13.76,49397,Petrol,Dealer,Manual,2
Car_342,2013,2.49,17.03,82085,Diesel,Individual,Manual,1
Car_343,2016,4.07,13.99,68865,Petrol,Individual,Automatic,0
Car_344,2005,0.5,5.2,60956,Petrol,Individual,Manual,0
Car_345,2005,0.5,9.52,105727,Petrol,Dealer,Automatic,0
Car_346,2019,7.31,20.55,148978,Petrol,Dealer,Manual,1
Car_347,2006,1.09,21.88,19988,Petrol,Individual,Manual,1
Car_348,2020,2.91,5.59,38800,Petrol,Individual,Automatic,0
Car_349,2012,3.02,23.93,92329,Diesel,Individual,Manual,0
Car_350,2017,2.96,9.9,57284,Petrol,Individual,Manual,0
Car_351,2005,0.72,17.4,61232,CNG,Individual,Manual,2
Car_352,2020,9.36,19.42,49420,Petrol,Individual,Manual,0
Car_353,2011,2.35,20.77,42710,Petrol,Dealer,Manual,2
Car_354,2009,2.1,23.78,97035,Petrol,Dealer,Automatic,1
Car_355,2007,0.58,9.54,36283,Petrol,Individual,Manual,1
Car_356,2016,7.48,21.82,30968,Diesel,Dealer,Automatic,0
Car_357,2020,2.69,5.46,67508,Diesel,Individual,Manual,0
Car_358,2023,12.91,18.36,118435,Petrol,Individual,Manual,1
Car_359,2009,1.39,19.19,90366,Petrol,Individual,Manual,0
Car_360,2018,6.83,17.75,10738,Diesel,Individual,Manual,0
Car_361,2009,0.65,8.18,8098,Petrol,Individual,Manual,2
Car_362,2019,8.55,22.14,100424,Petrol,Individual,Manual,0
Car_363,2021,3.99,6.3,83672,Petrol,Individual,Automatic,0
Car_364,2018,1.61,3.71,43244,Petrol,Dealer,Automatic,1
Car_365,2009,1.48,18.64,144325,Petrol,Dealer,Automatic,2
Car_366,2016,3.75,13.2,59333,Diesel,Individual,Manual,0
Car_367,2020,11.23,21.6,130349,Diesel,Individual,Automatic,1
Car_368,2020,5.88,11.13,55969,Diesel,Individual,Manual,1
Car_369,2011,0.75,6.29,95744,Petrol,Dealer,Automatic,3
Car_370,2008,1.42,21.32,122286,Diesel,Dealer,Manual,0
Car_371,2005,0.54,14.85,80028,Diesel,Individual,Manual,3
Car_372,2009,0.7,6.76,40421,Diesel,Individual,Automatic,0
Car_373,2014,3.07,18.71,137526,Petrol,Individual,Manual,0
Car_374,2009,1.29,14.0,43575,CNG,Individual,Automatic,0
Car_375,2008,1.2,16.1,8192,Petrol,Individual,Manual,0
Car_376,2006,0.51,12.87,116116,CNG,Individual,Manual,1
Car_377,2014,4.43,21.15,132874,Petrol,Dealer,Automatic,1
Car_378,2023,17.59,21.17,86311,Petrol,Individual,Manual,0
Car_379,2005,0.77,18.46,146474,Petrol,Individual,Automatic,0
Car_380,2009,0.5,4.87,85781,Diesel,Individual,Manual,0
Car_381,2017,6.84,21.37,41527,Petrol,Individual,Manual,0
Car_382,2008,1.46,17.6,57181,Diesel,Dealer,Manual,0
Car_383,2020,9.91,18.18,96472,Diesel,Individual,Manual,0
Car_384,2020,7.46,10.67,86219,Diesel,Dealer,Automatic,0
Car_385,2006,1.18,22.28,148532,Diesel,Dealer,Manual,0
Car_386,2021,10.46,18.82,124783,Diesel,Individual,Manual,2
Car_387,2016,1.85,5.03,88265,Diesel,Dealer,Automatic,0
Car_388,2022,7.96,11.68,55126,Petrol,Individual,Manual,0
Car_389,2007,1.73,22.44,25545,Diesel,Dealer,Automatic,0
Car_390,2005,0.5,3.56,60114,Diesel,Dealer,Automatic,0
Car_391,2005,1.07,24.13,98740,Petrol,Dealer,Manual,1
Car_392,2023,14.06,17.78,18890,CNG,Dealer,Manual,2
Car_393,2015,3.24,16.71,126284,Petrol,Individual,Manual,1
Car_394,2009,0.77,8.59,57482,Petrol,Individual,Automatic,1
Car_395,2016,1.78,8.1,137812,Petrol,Individual,Manual,0
Car_396,2007,1.55,23.7,147290,Petrol,Dealer,Automatic,0
Car_397,2005,0.5,9.21,76591,Diesel,Individual,Manual,1
Car_398,2005,0.75,19.95,93241,CNG,Individual,Automatic,2
Car_399,2012,1.84,11.35,39722,Diesel,Dealer,Automatic,2
Car_400,2014,1.04,5.63,54431,CNG,Individual,Automatic,0
Car_401,2015,0.62,2.74,47000,Petrol,Individual,Manual,0
Car_402,2016,3.88,14.75,76975,Petrol,Individual,Manual,0
Car_403,2017,7.73,24.46,35921,Diesel,Individual,Manual,0
Car_404,2016,2.49,10.81,104265,Diesel,Individual,Manual,2
Car_405,2018,3.51,10.54,93747,Petrol,Dealer,Manual,0
Car_406,2006,0.59,10.24,22601,CNG,Individual,Automatic,0
Car_407,2023,11.27,14.21,98332,Diesel,Individual,Automatic,2
Car_408,2022,7.82,12.41,128254,CNG,Dealer,Manual,0
Car_409,2007,1.44,22.3,124004,Petrol,Individual,Automatic,0
Car_410,2021,9.13,13.87,33000,Petrol,Individual,Manual,0
Car_411,2012,2.0,13.92,135439,Diesel,Individual,Manual,0
Car_412,2014,1.13,5.61,124277,Diesel,Individual,Automatic,0
Car_413,2006,1.59,24.61,35383,Petrol,Dealer,Automatic,1
Car_414,2023,5.01,8.12,147857,CNG,Individual,Manual,1
Car_415,2013,0.75,4.15,45910,Diesel,Individual,Automatic,1
Car_416,2011,2.18,17.42,29281,Petrol,Individual,Automatic,1
Car_417,2008,0.92,15.9,118838,Petrol,Individual,Manual,2
Car_418,2022,9.39,11.84,9841,Petrol,Individual,Manual,0
Car_419,2017,3.07,12.0,102204,Petrol,Individual,Automatic,2
Car_420,2015,5.92,20.16,65155,Diesel,Individual,Automatic,0
Car_421,2008,0.5,6.9,61313,Petrol,Individual,Manual,0
Car_422,2008,1.57,20.96,116688,Diesel,Dealer,Manual,0
Car_423,2014,3.19,17.1,137994,Diesel,Dealer,Manual,0
Car_424,2009,1.03,11.93,36976,Petrol,Individual,Automatic,2
Car_425,2013,2.06,12.81,148063,Diesel,Individual,Manual,0
Car_426,2007,0.5,8.27,109405,Petrol,Individual,Manual,0
Car_427,2021,11.76,19.42,58744,Petrol,Individual,Automatic,1
Car_428,2007,1.04,14.04,7473,Diesel,Dealer,Manual,0
Car_429,2020,4.01,9.72,144180,CNG,Individual,Automatic,2
Car_430,2008,1.17,15.91,33715,Petrol,Individual,Automatic,2
Car_431,2022,21.12,24.9,42317,Petrol,Individual,Automatic,0
Car_432,2021,8.81,12.29,70516,Petrol,Dealer,Automatic,0
Car_433,2011,2.79,23.22,59604,Petrol,Individual,Automatic,0
Car_434,2009,0.94,10.26,9889,Petrol,Dealer,Manual,0
Car_435,2016,1.19,3.73,78748,Diesel,Individual,Automatic,0
Car_436,2021,4.23,7.1,36971,Petrol,Individual,Manual,0
Car_437,2017,2.9,11.92,55551,CNG,Dealer,Manual,1
Car_438,2007,0.5,7.44,139273,Petrol,Individual,Manual,0
Car_439,2013,0.5,2.51,113957,Diesel,Individual,Manual,0
Car_440,2021,13.42,23.09,94882,Diesel,Individual,Manual,0
Car_441,2021,13.05,21.49,42958,Diesel,Individual,Manual,1
Car_442,2020,10.14,19.2,10681,Petrol,Dealer,Manual,0
Car_443,2017,2.27,6.28,106982,Diesel,Dealer,Automatic,0
Car_444,2023,4.14,5.21,51870,Diesel,Individual,Manual,0
Car_445,2021,2.17,4.02,133396,Diesel,Individual,Manual,0
Car_446,2008,1.33,18.79,72203,Diesel,Individual,Manual,0
Car_447,2016,5.61,23.4,55061,Petrol,Dealer,Manual,3
Car_448,2013,2.42,12.19,63235,Diesel,Dealer,Automatic,1
Car_449,2023,3.83,5.18,42890,CNG,Individual,Manual,1
Car_450,2016,3.44,14.03,95073,Diesel,Individual,Manual,2
Car_451,2013,2.09,10.35,66401,Diesel,Dealer,Automatic,1
Car_452,2011,1.24,10.93,16217,Diesel,Individual,Manual,1
Car_453,2018,8.19,16.48,53351,Diesel,Dealer,Automatic,0
Car_454,2023,16.47,18.67,38741,Diesel,Individual,Manual,1
Car_455,2019,2.33,4.99,6408,Diesel,Individual,Manual,0
Car_456,2020,1.72,3.3,47903,Petrol,Individual,Manual,0
Car_457,2009,2.21,24.87,112042,Diesel,Individual,Manual,0
Car_458,2007,0.5,7.74,137290,Diesel,Individual,Manual,1
Car_459,2016,0.91,3.71,127189,Petrol,Individual,Manual,0
Car_460,2008,0.5,6.77,114268,Petrol,Dealer,Automatic,1
Car_461,2020,2.14,3.38,35105,Diesel,Individual,Automatic,1
Car_462,2011,1.34,11.32,74634,Diesel,Individual,Manual,0
Car_463,2017,6.17,20.55,122426,Petrol,Dealer,Manual,0
Car_464,2014,2.13,10.18,143691,Diesel,Individual,Automatic,0
Car_465,2011,1.35,12.49,148011,Diesel,Individual,Manual,0
Car_466,2018,5.67,17.7,23226,Petrol,Individual,Manual,1
Car_467,2009,1.23,13.95,30322,Petrol,Dealer,Manual,1
Car_468,2007,1.28,21.88,122504,CNG,Individual,Automatic,0
Car_469,2015,5.31,21.99,63215,Diesel,Dealer,Manual,2
Car_470,2015,0.59,2.72,142632,Petrol,Individual,Automatic,2
Car_471,2022,13.79,20.01,99835,Petrol,Individual,Manual,0
Car_472,2019,5.18,12.87,78079,Petrol,Individual,Manual,1
Car_473,2016,7.34,24.75,28946,Diesel,Individual,Manual,0
Car_474,2013,1.89,13.37,115733,Petrol,Individual,Manual,1
Car_475,2014,5.67,24.71,12253,Diesel,Dealer,Manual,0
Car_476,2016,5.19,19.48,84311,Petrol,Individual,Automatic,1
Car_477,2021,4.53,8.09,37813,Diesel,Individual,Manual,0
Car_478,2010,1.6,14.61,53365,Petrol,Dealer,Automatic,2
Car_479,2011,3.27,24.82,72593,Diesel,Dealer,Manual,0
Car_480,2018,6.76,21.79,43485,CNG,Individual,Manual,0
Car_481,2017,1.36,4.69,116504,Petrol,Individual,Manual,0
Car_482,2012,2.49,18.39,21101,Petrol,Individual,Manual,1
Car_483,2014,2.27,10.28,13831,Diesel,Dealer,Manual,1
Car_484,2013,0.5,2.66,56897,Petrol,Dealer,Automatic,3
Car_485,2022,7.44,11.58,10004,Diesel,Individual,Manual,2
Car_486,2006,0.5,7.78,50924,Petrol,Individual,Manual,1
Car_487,2009,1.71,20.92,42170,Petrol,Individual,Manual,0
Car_488,2009,0.88,10.09,48555,CNG,Individual,Automatic,0
Car_489,2010,2.02,21.12,123115,Diesel,Individual,Automatic,3
Car_490,2023,1.83,2.51,109216,Diesel,Individual,Manual,2
Car_491,2012,1.33,9.43,70930,Petrol,Dealer,Manual,0
Car_492,2020,4.3,7.93,41365,Petrol,Dealer,Automatic,1
Car_493,2017,2.92,7.76,67188,Diesel,Dealer,Automatic,1
Car_494,2005,0.5,4.03,103633,Petrol,Dealer,Manual,1
Car_495,2021,3.59,6.71,68471,Petrol,Dealer,Manual,2
Car_496,2011,1.87,15.0,62287,Petrol,Dealer,Automatic,0
Car_497,2017,2.36,9.06,137717,Petrol,Individual,Manual,2
Car_498,2008,0.92,11.89,64076,Diesel,Dealer,Manual,0
Car_499,2008,0.83,10.98,121475,Diesel,Dealer,Manual,0
Car_500,2010,2.23,22.21,55151,Diesel,Individual,Manual,0
Car_501,2023,20.68,22.87,72384,Diesel,Individual,Automatic,1
Car_502,2016,3.24,13.59,104865,Diesel,Individual,Manual,1
Car_503,2011,1.37,9.93,38541,Diesel,Individual,Automatic,1
Car_504,2014,0.94,4.9,77847,Diesel,Individual,Manual,1
Car_505,2023,20.94,23.95,55955,Petrol,Dealer,Automatic,1
Car_506,2011,0.5,3.86,145362,Petrol,Dealer,Manual,0
Car_507,2007,0.5,9.2,92780,CNG,Individual,Manual,2
Car_508,2017,3.22,9.21,104919,Petrol,Dealer,Automatic,0
Car_509,2017,2.62,9.71,117854,Petrol,Dealer,Manual,1
Car_510,2022,4.62,6.2,66768,Diesel,Individual,Manual,0
Car_511,2012,3.05,20.12,48262,Diesel,Dealer,Manual,0
Car_512,2013,0.81,5.26,141578,Diesel,Individual,Manual,0
Car_513,2011,1.99,16.79,25605,Petrol,Individual,Manual,2
Car_514,2005,0.5,5.29,83590,CNG,Individual,Automatic,0
Car_515,2007,0.5,4.09,33231,Diesel,Individual,Manual,0
Car_516,2017,7.42,22.96,84397,Diesel,Dealer,Manual,1
Car_517,2021,3.94,6.78,82123,Petrol,Individual,Manual,0
Car_518,2005,0.91,20.98,18515,Petrol,Dealer,Manual,2
Car_519,2010,1.51,14.75,92211,Petrol,Dealer,Automatic,2
Car_520,2010,0.5,4.25,21600,Petrol,Individual,Automatic,1
Car_521,2016,6.87,24.0,74310,Petrol,Individual,Manual,0
Car_522,2017,2.31,8.06,140501,Petrol,Dealer,Manual,0
Car_523,2017,6.44,21.84,140678,Diesel,Individual,Manual,0
Car_524,2019,2.46,6.3,140550,Diesel,Individual,Manual,0
Car_525,2020,10.85,21.71,119380,Diesel,Dealer,Manual,0
Car_526,2015,0.52,2.8,116780,Petrol,Individual,Manual,2
Car_527,2009,1.16,14.02,71177,Petrol,Dealer,Manual,1
Car_528,2008,1.37,19.81,60746,Petrol,Individual,Manual,0
Car_529,2007,1.4,23.53,128075,Petrol,Dealer,Manual,0
Car_530,2023,16.53,22.96,90195,Petrol,Individual,Manual,1
Car_531,2022,19.68,20.94,41818,Petrol,Dealer,Automatic,0
Car_532,2019,9.51,22.48,26309,Diesel,Individual,Manual,2
Car_533,2013,1.26,6.98,33176,Diesel,Individual,Manual,0
Car_534,2021,4.96,8.89,73879,Diesel,Individual,Manual,2
Car_535,2018,3.78,9.0,72592,Diesel,Dealer,Automatic,1
Car_536,2019,4.17,10.98,89728,Diesel,Dealer,Manual,3
Car_537,2005,0.5,11.35,145488,Diesel,Individual,Manual,0
Car_538,2007,0.91,14.75,13584,Diesel,Individual,Manual,0
Car_539,2020,3.42,6.1,129555,Diesel,Individual,Automatic,1
Car_540,2015,4.09,18.05,98302,Diesel,Individual,Automatic,2
Car_541,2016,1.41,6.27,127408,Petrol,Individual,Manual,1
Car_542,2014,2.43,9.48,23830,Diesel,Dealer,Automatic,1
Car_543,2020,7.42,13.83,82066,CNG,Individual,Automatic,0
Car_544,2012,3.78,20.42,8591,Diesel,Dealer,Automatic,0
Car_545,2010,2.12,19.14,98878,Petrol,Dealer,Automatic,0
Car_546,2016,3.8,17.02,130407,Petrol,Individual,Manual,1
Car_547,2012,1.03,6.0,121869,Diesel,Individual,Automatic,0
Car_548,2008,1.04,14.81,26395,CNG,Dealer,Manual,0
Car_549,2012,0.71,4.47,21738,Petrol,Dealer,Manual,1
Car_550,2022,6.53,10.99,138703,Diesel,Dealer,Manual,2
Car_551,2009,1.03,11.8,24056,Diesel,Individual,Manual,1
Car_552,2013,0.52,3.4,126656,Petrol,Dealer,Manual,1
Car_553,2008,0.63,8.66,120316,Diesel,Individual,Automatic,3
Car_554,2021,15.02,24.0,59418,Petrol,Dealer,Manual,0
Car_555,2013,4.02,23.96,42190,Diesel,Individual,Manual,0
Car_556,2005,0.5,10.43,31014,Diesel,Dealer,Manual,1
Car_557,2017,1.09,3.47,130563,Diesel,Dealer,Manual,0
Car_558,2020,4.42,6.53,6780,Diesel,Individual,Automatic,0
Car_559,2017,3.75,11.32,47192,Petrol,Individual,Manual,0
Car_560,2018,8.66,23.83,109875,Diesel,Dealer,Manual,1
Car_561,2007,0.5,5.68,104129,Diesel,Individual,Automatic,0
Car_562,2010,2.1,19.68,48923,Diesel,Individual,Manual,0
Car_563,2022,3.95,4.95,94196,Petrol,Dealer,Automatic,0
Car_564,2023,23.07,24.58,7395,Petrol,Dealer,Manual,0
Car_565,2009,0.88,11.09,107449,Petrol,Individual,Automatic,2
Car_566,2019,7.05,19.94,126747,Diesel,Individual,Manual,3
Car_567,2006,0.56,10.21,76028,Petrol,Dealer,Automatic,2
Car_568,2014,2.23,16.62,143183,CNG,Dealer,Manual,3
Car_569,2022,4.34,6.82,146056,Diesel,Individual,Manual,0
Car_570,2017,2.0,5.79,98176,Diesel,Individual,Automatic,2
Car_571,2009,2.15,23.61,31924,Diesel,Individual,Manual,0
Car_572,2005,1.31,23.15,37577,Diesel,Dealer,Automatic,1
Car_573,2005,1.13,22.47,143783,Diesel,Individual,Automatic,0
Car_574,2022,9.58,16.57,90548,Petrol,Dealer,Manual,2
Car_575,2019,8.76,20.69,130093,Diesel,Dealer,Manual,0
Car_576,2021,2.67,4.05,140168,Diesel,Individual,Automatic,0
Car_577,2015,2.38,10.03,71555,Diesel,Individual,Automatic,2
Car_578,2021,5.52,9.56,94848,Diesel,Individual,Manual,1
Car_579,2017,5.35,16.8,13254,Petrol,Dealer,Manual,1
Car_580,2005,0.5,10.51,130410,Petrol,Individual,Manual,1
Car_581,2006,0.5,5.84,142037,Diesel,Dealer,Manual,0
Car_582,2013,2.38,15.92,108025,Petrol,Dealer,Manual,1
Car_583,2007,1.31,20.82,135509,Diesel,Individual,Automatic,0
Car_584,2005,0.5,11.1,37963,Petrol,Individual,Automatic,2
Car_585,2020,3.16,5.48,8273,Petrol,Dealer,Automatic,1
Car_586,2010,0.64,6.93,20330,Petrol,Dealer,Manual,2
Car_587,2021,4.92,7.84,81422,Diesel,Dealer,Manual,0
Car_588,2009,0.9,9.25,127089,Diesel,Individual,Automatic,0
Car_589,2009,1.99,16.96,8212,Diesel,Individual,Automatic,0
Car_590,2010,1.35,16.02,92594,CNG,Dealer,Manual,0
Car_591,2007,0.98,18.16,137152,Petrol,Individual,Manual,0
Car_592,2009,0.81,10.66,37675,Petrol,Dealer,Manual,2
Car_593,2009,1.89,21.04,27007,Diesel,Dealer,Manual,0
Car_594,2014,1.23,7.09,118805,Diesel,Individual,Manual,1
Car_595,2014,2.22,13.05,87641,Petrol,Individual,Manual,0
Car_596,2023,15.33,20.52,100815,CNG,Dealer,Manual,0
Car_597,2021,3.99,6.55,51815,CNG,Dealer,Automatic,1
Car_598,2018,1.59,4.97,88482,Petrol,Dealer,Manual,2
Car_599,2013,3.78,22.38,5639,Petrol,Individual,Manual,0
Car_600,2018,4.34,10.22,68593,Diesel,Dealer,Automatic,0
Car_601,2005,0.71,17.89,83038,Petrol,Individual,Manual,0
Car_602,2023,2.6,3.07,98899,Petrol,Dealer,Automatic,2
Car_603,2017,6.73,18.03,8736,Diesel,Dealer,Automatic,1
Car_604,2017,2.65,9.61,21473,Petrol,Individual,Automatic,3
Car_605,2008,0.5,3.75,133771,Petrol,Dealer,Manual,0
Car_606,2005,0.59,16.22,130801,Petrol,Individual,Manual,2
Car_607,2021,4.41,7.92,112598,Diesel,Individual,Manual,2
Car_608,2012,1.56,11.2,91623,Diesel,Individual,Automatic,2
Car_609,2006,0.5,4.31,41820,Petrol,Dealer,Manual,0
Car_610,2012,0.75,5.81,62589,Petrol,Individual,Manual,1
Car_611,2011,1.11,9.2,23414,Diesel,Dealer,Manual,1
Car_612,2006,0.5,4.52,132378,CNG,Individual,Manual,1
Car_613,2007,1.51,22.99,29220,CNG,Individual,Automatic,0
Car_614,2022,1.79,2.64,65531,Petrol,Dealer,Manual,1
Car_615,2016,3.14,13.39,115002,Diesel,Dealer,Manual,3
Car_616,2005,0.5,5.27,14387,Diesel,Individual,Manual,1
Car_617,2016,2.87,9.42,81815,Diesel,Individual,Automatic,1
Car_618,2009,2.3,23.34,32584,Diesel,Individual,Automatic,1
Car_619,2021,3.43,6.14,49783,Petrol,Individual,Manual,1
Car_620,2020,11.37,24.23,129494,Diesel,Individual,Manual,0
Car_621,2019,2.71,7.13,120814,Petrol,Individual,Manual,0
Car_622,2019,7.8,19.19,135752,Petrol,Dealer,Manual,1
Car_623,2009,1.25,14.8,146929,Diesel,Dealer,Manual,0
Car_624,2018,7.06,22.4,78588,CNG,Individual,Manual,1
Car_625,2006,0.78,14.96,18580,Petrol,Individual,Automatic,2
Car_626,2015,4.04,14.53,23240,Diesel,Individual,Automatic,1
Car_627,2023,5.0,6.9,88446,Petrol,Dealer,Manual,2
Car_628,2011,0.73,6.24,109533,Diesel,Individual,Manual,0
Car_629,2010,2.47,23.12,85974,Diesel,Dealer,Manual,0
Car_630,2006,0.5,9.88,78401,Petrol,Individual,Manual,0
Car_631,2010,0.85,10.87,148283,Petrol,Individual,Manual,2
Car_632,2022,15.33,19.6,8646,Petrol,Dealer,Automatic,3
Car_633,2006,0.5,10.12,47816,Petrol,Individual,Manual,0
Car_634,2022,18.48,23.92,94460,Petrol,Individual,Automatic,0
Car_635,2019,8.41,19.1,49112,Diesel,Individual,Manual,0
Car_636,2023,13.97,15.94,56048,Petrol,Dealer,Automatic,1
Car_637,2006,1.23,22.32,137850,Diesel,Dealer,Manual,1
Car_638,2010,0.5,3.62,50752,Petrol,Dealer,Automatic,1
Car_639,2005,0.5,8.28,75726,Diesel,Dealer,Manual,2
Car_640,2019,6.57,12.96,49788,Petrol,Dealer,Automatic,1
Car_641,2014,1.52,7.61,9747,Petrol,Dealer,Manual,0
Car_642,2023,18.28,19.24,5045,Diesel,Individual,Manual,0
Car_643,2021,11.23,23.18,12758,Petrol,Individual,Manual,2
Car_644,2009,1.03,12.03,130076,Diesel,Individual,Manual,1
Car_645,2008,0.73,10.2,145926,Diesel,Individual,Manual,0
Car_646,2014,4.76,24.13,61950,Diesel,Individual,Manual,0
Car_647,2021,6.5,12.51,24455,Petrol,Individual,Manual,1
Car_648,2014,2.72,13.5,93552,Petrol,Dealer,Automatic,0
Car_649,2021,5.84,10.41,51116,Petrol,Dealer,Manual,1
Car_650,2009,2.14,22.96,125461,Diesel,Individual,Automatic,1
Car_651,2006,0.75,15.3,45484,Petrol,Individual,Manual,0
Car_652,2010,1.57,19.65,86638,Petrol,Individual,Manual,1
Car_653,2006,0.97,20.77,139476,Petrol,Individual,Manual,0
Car_654,2017,3.22,10.19,105647,Petrol,Dealer,Manual,0
Car_655,2015,2.93,12.26,70642,Petrol,Individual,Manual,0
Car_656,2015,4.28,21.59,51009,Petrol,Individual,Manual,1
Car_657,2020,4.37,10.67,133824,Petrol,Individual,Manual,1
Car_658,2015,4.45,20.36,34605,Petrol,Individual,Automatic,0
Car_659,2023,14.77,23.67,115879,Petrol,Individual,Manual,2
Car_660,2019,7.91,16.52,125827,Diesel,Dealer,Automatic,0
Car_661,2020,10.86,19.19,10580,Petrol,Dealer,Automatic,1
Car_662,2015,4.08,20.61,119902,Petrol,Dealer,Manual,1
Car_663,2020,12.5,21.51,10400,Petrol,Individual,Automatic,1
Car_664,2012,1.57,11.39,101032,Petrol,Dealer,Manual,0
Car_665,2008,0.5,3.65,132319,Petrol,Dealer,Automatic,0
Car_666,2012,1.65,11.54,111960,Diesel,Dealer,Manual,0
Car_667,2008,1.26,17.66,44015,Diesel,Individual,Manual,0
Car_668,2007,0.64,12.63,76713,Petrol,Individual,Manual,2
Car_669,2007,1.29,19.35,93754,Diesel,Individual,Automatic,0
Car_670,2022,8.42,10.53,48148,Petrol,Dealer,Automatic,0
Car_671,2023,14.28,16.78,127790,Petrol,Dealer,Manual,0
Car_672,2023,4.78,6.69,91078,CNG,Dealer,Manual,1
Car_673,2009,1.82,19.36,61879,Diesel,Individual,Automatic,1
Car_674,2022,10.12,14.78,124894,CNG,Individual,Automatic,0
Car_675,2014,1.27,7.09,70839,Petrol,Individual,Manual,0
Car_676,2010,0.97,9.07,34756,Petrol,Dealer,Manual,1
Car_677,2005,0.95,19.34,148755,Diesel,Individual,Automatic,0
Car_678,2009,1.11,13.36,147097,Diesel,Individual,Automatic,1
Car_679,2013,1.12,7.36,97943,Petrol,Dealer,Manual,2
Car_680,2016,8.52,24.26,41744,Diesel,Dealer,Automatic,0
Car_681,2018,6.74,18.59,129697,Diesel,Individual,Manual,0
Car_682,2006,1.36,24.04,121072,Petrol,Individual,Automatic,0
Car_683,2021,6.46,12.11,138196,Diesel,Individual,Manual,2
Car_684,2018,5.17,13.19,12176,Diesel,Individual,Manual,1
Car_685,2017,7.88,22.7,96310,Petrol,Dealer,Automatic,0
Car_686,2013,2.19,14.31,50177,CNG,Individual,Manual,0
Car_687,2019,8.22,18.41,115623,Petrol,Dealer,Automatic,1
Car_688,2019,3.84,8.17,5997,Petrol,Individual,Manual,0
Car_689,2015,3.24,12.55,125179,Diesel,Individual,Automatic,0
Car_690,2020,2.13,5.28,125403,CNG,Individual,Manual,1
Car_691,2021,3.95,7.13,147303,Diesel,Individual,Manual,1
Car_692,2008,0.5,2.52,100287,Diesel,Individual,Automatic,0
Car_693,2005,0.5,3.38,124574,Diesel,Individual,Automatic,0
Car_694,2012,2.77,24.49,126509,CNG,Dealer,Manual,2
Car_695,2021,4.68,7.95,90447,Petrol,Dealer,Manual,0
Car_696,2007,0.84,17.42,114522,Diesel,Individual,Manual,1
Car_697,2019,9.28,21.38,86144,Diesel,Individual,Manual,1
Car_698,2019,7.35,14.89,97693,Petrol,Dealer,Automatic,0
Car_699,2018,2.44,5.95,99315,Diesel,Dealer,Manual,1
Car_700,2018,8.0,18.88,32387,Diesel,Individual,Automatic,0
Car_701,2006,0.86,16.01,9090,Diesel,Individual,Manual,1
Car_702,2017,4.66,18.95,125846,Petrol,Individual,Manual,1
Car_703,2018,6.68,19.82,45239,Diesel,Individual,Manual,2
Car_704,2023,21.09,24.45,8743,Petrol,Individual,Manual,1
Car_705,2011,1.65,15.41,35924,Petrol,Individual,Manual,0
Car_706,2007,0.58,10.19,146268,Diesel,Dealer,Manual,0
Car_707,2019,8.38,17.09,135160,Diesel,Individual,Automatic,0
Car_708,2018,1.25,4.04,96815,Petrol,Individual,Manual,2
Car_709,2015,4.76,22.69,110312,Petrol,Individual,Automatic,2
Car_710,2019,2.42,5.19,73860,Diesel,Dealer,Automatic,0
Car_711,2017,2.97,9.88,85399,CNG,Dealer,Manual,0
Car_712,2022,15.65,20.85,53795,CNG,Dealer,Automatic,0
Car_713,2010,1.43,15.94,56553,Diesel,Individual,Manual,2
Car_714,2007,0.68,11.36,108976,Petrol,Dealer,Manual,0
Car_715,2023,9.95,13.15,118566,Petrol,Individual,Manual,1
Car_716,2019,9.57,21.73,124968,Petrol,Individual,Automatic,0
Car_717,2009,0.92,10.15,66600,Petrol,Individual,Automatic,0
Car_718,2014,4.11,22.07,55022,Petrol,Individual,Manual,0
Car_719,2011,0.5,4.48,139271,Petrol,Individual,Manual,0
Car_720,2021,12.81,19.98,55897,Diesel,Individual,Manual,0
Car_721,2011,2.59,21.57,43038,Petrol,Dealer,Manual,0
Car_722,2016,1.88,6.59,128323,Diesel,Dealer,Manual,0
Car_723,2021,6.62,12.18,125278,CNG,Individual,Automatic,0
Car_724,2017,1.78,6.22,116054,Diesel,Dealer,Manual,2
Car_725,2008,1.37,18.4,12897,Diesel,Individual,Manual,1
Car_726,2014,2.52,14.55,69541,Diesel,Individual,Manual,1
Car_727,2007,0.96,16.79,111968,Petrol,Individual,Manual,0
Car_728,2013,1.14,6.92,19892,Petrol,Dealer,Manual,1
Car_729,2017,2.07,7.26,144343,Petrol,Dealer,Manual,0
Car_730,2022,2.84,3.43,29815,Petrol,Individual,Automatic,0
Car_731,2019,5.05,9.75,50612,Diesel,Individual,Automatic,0
Car_732,2008,1.08,15.09,21267,CNG,Individual,Manual,0
Car_733,2019,9.34,21.8,23268,CNG,Dealer,Manual,0
Car_734,2006,0.84,17.51,119463,Petrol,Individual,Manual,0
Car_735,2019,5.27,12.3,100347,CNG,Dealer,Automatic,0
Car_736,2012,2.92,23.95,99542,Petrol,Dealer,Manual,0
Car_737,2012,3.18,18.68,71612,Diesel,Dealer,Automatic,1
Car_738,2021,12.19,23.43,143307,Petrol,Individual,Automatic,1
Car_739,2016,3.31,14.37,93757,Petrol,Dealer,Manual,2
Car_740,2023,7.91,8.33,103075,Petrol,Dealer,Automatic,0
Car_741,2014,0.87,3.69,39609,Diesel,Dealer,Automatic,0
Car_742,2013,2.47,18.84,107785,Petrol,Individual,Manual,2
Car_743,2009,0.5,5.23,28645,Petrol,Individual,Manual,0
Car_744,2010,0.9,9.31,67233,CNG,Dealer,Automatic,1
Car_745,2006,0.61,14.48,116443,CNG,Individual,Manual,0
Car_746,2017,4.7,15.2,12771,Petrol,Individual,Manual,0
Car_747,2010,1.68,16.01,107601,Diesel,Dealer,Manual,0
Car_748,2009,0.5,6.24,138014,Petrol,Dealer,Manual,2
Car_749,2005,0.54,11.04,130224,Petrol,Individual,Automatic,0
Car_750,2010,1.57,16.39,88251,Petrol,Dealer,Manual,0
Car_751,2010,2.76,24.32,62042,Petrol,Dealer,Automatic,1
Car_752,2020,9.21,18.87,58740,Diesel,Individual,Manual,1
Car_753,2008,1.98,23.26,52024,Diesel,Individual,Automatic,2
Car_754,2015,4.3,19.65,61965,Petrol,Individual,Manual,0
Car_755,2013,2.65,15.81,15057,Diesel,Individual,Manual,1
Car_756,2007,0.5,6.82,13983,Diesel,Individual,Manual,0
Car_757,2023,16.23,17.5,135469,Petrol,Dealer,Automatic,0
Car_758,2012,2.3,16.53,24995,Petrol,Dealer,Manual,1
Car_759,2009,1.55,16.06,119587,Diesel,Individual,Automatic,0
Car_760,2008,0.93,13.52,43886,Diesel,Individual,Manual,1
Car_761,2010,1.18,14.39,94025,Diesel,Individual,Manual,3
Car_762,2006,0.58,10.02,100149,Diesel,Dealer,Automatic,0
Car_763,2015,2.73,14.18,99020,Petrol,Dealer,Manual,2
Car_764,2008,0.54,6.95,7673,Diesel,Dealer,Manual,1
Car_765,2019,7.44,20.62,82513,Petrol,Individual,Manual,1
Car_766,2010,0.58,6.68,28466,CNG,Dealer,Manual,2
Car_767,2021,2.98,4.41,97545,Diesel,Individual,Automatic,0
Car_768,2010,1.04,12.32,55406,Petrol,Individual,Manual,2
Car_769,2023,14.63,17.31,139760,Petrol,Dealer,Automatic,0
Car_770,2006,0.73,12.35,74284,Diesel,Dealer,Automatic,2
Car_771,2019,3.44,8.73,119579,Petrol,Dealer,Manual,0
Car_772,2015,3.78,15.06,18665,Diesel,Dealer,Manual,2
Car_773,2012,1.66,10.31,25641,Diesel,Dealer,Automatic,2
Car_774,2023,22.32,23.49,40797,Diesel,Dealer,Automatic,1
Car_775,2017,6.34,23.26,50950,Petrol,Individual,Manual,1
Car_776,2016,3.31,13.8,134554,Diesel,Individual,Manual,1
Car_777,2009,0.71,9.88,107339,CNG,Dealer,Manual,0
Car_778,2010,1.62,19.09,118431,CNG,Individual,Manual,0
Car_779,2008,0.5,3.33,145710,Diesel,Individual,Automatic,0
Car_780,2023,10.48,13.18,26173,CNG,Individual,Manual,1
Car_781,2005,0.5,10.07,149294,Diesel,Dealer,Manual,0
Car_782,2021,14.61,23.21,23095,Petrol,Individual,Automatic,0
Car_783,2016,0.81,2.77,128554,Diesel,Individual,Automatic,0
Car_784,2019,6.64,14.94,137511,Petrol,Individual,Automatic,0
Car_785,2005,0.74,19.16,130614,Petrol,Individual,Manual,0
Car_786,2018,4.39,13.41,141447,Petrol,Dealer,Manual,0
Car_787,2010,0.5,4.42,94023,Diesel,Individual,Manual,0
Car_788,2009,2.28,24.38,112181,Diesel,Individual,Automatic,1
Car_789,2015,4.09,14.16,25600,Diesel,Individual,Automatic,0
Car_790,2008,1.4,16.32,7466,Petrol,Individual,Automatic,2
Car_791,2017,2.53,7.82,114934,Petrol,Dealer,Automatic,1
Car_792,2015,3.09,13.38,58276,Petrol,Dealer,Manual,0
Car_793,2007,0.81,12.16,11928,Diesel,Individual,Manual,0
Car_794,2005,0.5,4.19,60309,Petrol,Individual,Manual,1
Car_795,2010,0.52,4.89,121196,Petrol,Individual,Automatic,0
Car_796,2022,13.68,21.34,14404,Petrol,Individual,Manual,2
Car_797,2014,1.72,7.9,118187,Diesel,Dealer,Manual,0
Car_798,2009,0.54,6.89,115449,Diesel,Individual,Manual,1
Car_799,2014,2.99,13.86,32684,Diesel,Dealer,Manual,3
Car_800,2016,5.91,19.8,73591,Petrol,Individual,Automatic,1
Car_801,2006,0.5,3.89,124821,Petrol,Individual,Manual,2
Car_802,2017,5.49,15.48,7682,Petrol,Dealer,Automatic,2
Car_803,2012,0.62,5.18,116186,Petrol,Dealer,Manual,2
Car_804,2006,0.5,3.32,26832,Petrol,Dealer,Manual,2
Car_805,2005,0.5,3.69,21997,Petrol,Dealer,Manual,0
Car_806,2009,2.27,21.27,39640,Petrol,Individual,Automatic,0
Car_807,2013,0.84,5.15,45491,Petrol,Dealer,Manual,0
Car_808,2021,1.82,3.52,68043,Petrol,Dealer,Manual,3
Car_809,2013,2.11,12.35,117175,Diesel,Dealer,Manual,0
Car_810,2015,3.91,21.49,133568,CNG,Individual,Manual,0
Car_811,2019,3.31,8.4,119250,Diesel,Dealer,Manual,1
Car_812,2010,1.21,11.99,77725,Petrol,Dealer,Manual,0
Car_813,2007,0.5,3.4,133131,Petrol,Individual,Automatic,1
Car_814,2021,8.48,12.6,50520,Diesel,Dealer,Automatic,2
Car_815,2009,1.24,15.5,67919,Petrol,Dealer,Manual,1
Car_816,2016,4.4,15.35,114869,Diesel,Individual,Automatic,1
Car_817,2022,8.83,9.98,69442,Diesel,Dealer,Automatic,1
Car_818,2018,3.43,9.6,110246,CNG,Individual,Automatic,1
Car_819,2015,1.11,4.9,114687,Diesel,Individual,Manual,0
Car_820,2013,1.66,10.75,128447,Diesel,Individual,Manual,0
Car_821,2006,0.5,4.74,66477,Diesel,Dealer,Automatic,0
Car_822,2016,5.78,19.75,5244,Petrol,Individual,Automatic,1
Car_823,2007,1.3,24.24,84453,Petrol,Individual,Manual,1
Car_824,2007,1.32,24.33,132962,Petrol,Dealer,Manual,0
Car_825,2005,0.89,21.96,76303,Petrol,Dealer,Manual,1
Car_826,2012,2.27,16.02,33390,Petrol,Individual,Manual,0
Car_827,2012,2.48,18.27,15247,Petrol,Individual,Manual,0
Car_828,2015,2.16,8.92,34583,Diesel,Individual,Manual,0
Car_829,2013,2.27,16.69,144148,Petrol,Individual,Manual,1
Car_830,2009,0.93,12.75,140386,Petrol,Individual,Manual,1
Car_831,2018,4.94,13.35,33670,Petrol,Dealer,Manual,0
Car_832,2007,0.92,19.55,129920,Diesel,Individual,Manual,1
Car_833,2009,0.74,8.84,15236,Petrol,Individual,Manual,0
Car_834,2009,0.64,9.66,40568,CNG,Individual,Manual,2
Car_835,2023,17.85,23.3,112327,Diesel,Dealer,Manual,0
Car_836,2018,1.25,3.77,115188,Diesel,Dealer,Manual,2
Car_837,2008,0.94,13.43,21352,Petrol,Dealer,Manual,1
Car_838,2017,6.09,23.04,130721,Petrol,Individual,Manual,1
Car_839,2014,2.87,16.23,146418,Diesel,Individual,Manual,1
Car_840,2022,11.53,14.79,60904,Petrol,Dealer,Manual,0
Car_841,2012,1.16,8.12,127141,Petrol,Dealer,Automatic,1
Car_842,2012,1.43,10.22,21108,Petrol,Individual,Manual,0
Car_843,2011,3.03,21.67,7853,CNG,Individual,Automatic,0
Car_844,2012,1.74,15.08,89156,Petrol,Individual,Manual,1
Car_845,2018,6.45,14.08,9176,Diesel,Dealer,Automatic,0
Car_846,2023,3.9,4.74,105459,Petrol,Dealer,Manual,0
Car_847,2010,0.5,2.86,142901,Diesel,Individual,Manual,2
Car_848,2005,1.0,24.18,128225,Diesel,Individual,Manual,2
Car_849,2019,4.46,10.98,123458,Petrol,Dealer,Automatic,1
Car_850,2005,0.53,16.07,115893,Petrol,Individual,Manual,2
Car_851,2021,2.36,4.29,78927,Petrol,Individual,Automatic,3
Car_852,2005,0.7,17.87,123178,Petrol,Individual,Manual,1
Car_853,2019,11.45,23.48,45667,Diesel,Dealer,Automatic,2
Car_854,2006,0.89,15.45,11611,Petrol,Individual,Automatic,0
Car_855,2018,2.02,5.34,93242,Diesel,Individual,Automatic,1
Car_856,2012,2.44,15.59,89612,Petrol,Individual,Automatic,0
Car_857,2012,2.66,19.74,51902,Petrol,Individual,Manual,1
Car_858,2023,9.55,11.64,38043,Diesel,Individual,Manual,2
Car_859,2011,2.49,22.3,141343,Diesel,Individual,Manual,0
Car_860,2023,12.18,17.1,77867,Petrol,Individual,Manual,1
Car_861,2010,1.98,22.73,82089,Diesel,Dealer,Manual,2
Car_862,2010,1.39,16.53,63745,Petrol,Dealer,Manual,2
Car_863,2007,0.5,5.45,147645,Diesel,Dealer,Automatic,0
Car_864,2011,0.92,9.47,90970,Petrol,Individual,Manual,2
Car_865,2023,5.94,7.04,29464,Petrol,Individual,Manual,0
Car_866,2012,3.09,22.95,123523,Diesel,Dealer,Manual,1
Car_867,2014,4.86,19.61,25662,Petrol,Dealer,Automatic,0
Car_868,2019,8.14,17.72,23228,Petrol,Dealer,Manual,0
Car_869,2019,3.53,9.27,65721,Petrol,Individual,Manual,0
Car_870,2005,0.5,6.64,143458,Diesel,Dealer,Automatic,0
Car_871,2011,2.03,19.52,11862,CNG,Individual,Manual,1
Car_872,2008,1.19,13.17,45108,Diesel,Individual,Automatic,0
Car_873,2010,0.76,7.58,96788,Petrol,Individual,Automatic,2
Car_874,2005,0.64,16.37,85140,Diesel,Individual,Manual,3
Car_875,2009,0.5,3.41,73578,Petrol,Individual,Automatic,1
Car_876,2005,0.52,9.84,54966,Petrol,Individual,Automatic,0
Car_877,2008,0.87,13.04,15386,CNG,Individual,Manual,1
Car_878,2006,0.5,5.83,82228,Petrol,Dealer,Manual,0
Car_879,2014,4.65,24.65,77197,Petrol,Individual,Manual,0
Car_880,2009,0.64,7.2,48021,Diesel,Individual,Automatic,2
Car_881,2014,0.97,5.43,123915,Diesel,Dealer,Manual,0
Car_882,2005,0.5,7.08,122174,Petrol,Dealer,Automatic,2
Car_883,2010,2.17,19.8,91755,Petrol,Dealer,Manual,0
Car_884,2017,4.08,12.07,148009,Diesel,Individual,Automatic,0
Car_885,2019,6.49,15.22,71330,Petrol,Dealer,Manual,0
Car_886,2008,0.5,2.97,77322,Petrol,Individual,Manual,1
Car_887,2017,1.1,3.27,107318,Petrol,Dealer,Manual,0
Car_888,2019,5.79,12.53,50313,CNG,Dealer,Automatic,0
Car_889,2012,2.86,20.87,32032,Petrol,Individual,Manual,1
Car_890,2009,1.85,22.42,66710,Petrol,Individual,Automatic,2
Car_891,2019,1.64,4.45,100326,Petrol,Individual,Manual,1
Car_892,2008,1.21,14.61,91157,Petrol,Individual,Automatic,0
Car_893,2016,6.93,23.05,33365,Petrol,Dealer,Automatic,0
Car_894,2017,3.2,11.23,18189,CNG,Individual,Manual,1
Car_895,2006,1.37,21.17,12248,Diesel,Dealer,Automatic,1
Car_896,2023,4.22,5.51,9369,Petrol,Dealer,Manual,2
Car_897,2023,20.78,23.55,144122,Diesel,Dealer,Automatic,1
Car_898,2008,1.24,19.41,33605,Petrol,Individual,Manual,0
Car_899,2008,1.79,23.68,54616,Diesel,Dealer,Manual,0
Car_900,2015,4.23,17.72,108719,Petrol,Dealer,Automatic,1
Car_901,2009,1.16,10.68,38055,Diesel,Dealer,Automatic,0
Car_902,2015,4.08,23.61,121680,Petrol,Dealer,Manual,3
Car_903,2014,2.37,8.7,12450,Diesel,Dealer,Automatic,0
Car_904,2012,1.25,9.97,138997,Diesel,Dealer,Manual,1
Car_905,2010,2.3,18.27,55272,Petrol,Dealer,Automatic,0
Car_906,2010,2.12,19.72,10310,Petrol,Dealer,Manual,0
Car_907,2012,3.16,23.41,36817,Petrol,Dealer,Manual,1
Car_908,2019,2.97,7.11,87641,Diesel,Individual,Manual,1
Car_909,2018,8.82,20.45,20457,Petrol,Individual,Automatic,0
Car_910,2015,4.34,19.12,47311,Diesel,Individual,Manual,0
Car_911,2016,0.88,3.94,140052,CNG,Individual,Automatic,1
Car_912,2017,3.37,11.21,128573,Petrol,Dealer,Automatic,2
Car_913,2012,1.21,8.86,102427,Petrol,Dealer,Manual,0
Car_914,2022,6.87,9.35,41181,Diesel,Individual,Manual,1
Car_915,2005,1.11,24.62,137019,Diesel,Individual,Manual,0
Car_916,2019,5.33,16.96,136094,CNG,Individual,Manual,1
Car_917,2012,2.55,18.65,6128,Petrol,Individual,Manual,1
Car_918,2015,6.26,24.47,84522,Petrol,Dealer,Automatic,0
Car_919,2016,2.83,10.99,53929,Diesel,Individual,Manual,1
Car_920,2016,6.99,20.54,86696,Diesel,Individual,Automatic,0
Car_921,2008,0.93,12.28,120245,Diesel,Dealer,Manual,0
Car_922,2020,11.55,22.06,14808,Petrol,Individual,Manual,1
Car_923,2008,0.5,6.56,100148,Petrol,Dealer,Manual,0
Car_924,2009,2.33,23.82,26725,Petrol,Individual,Automatic,1
Car_925,2009,0.59,7.42,77534,CNG,Dealer,Manual,0
Car_926,2012,1.59,9.84,44950,Petrol,Dealer,Automatic,1
Car_927,2014,3.73,19.51,88576,Diesel,Individual,Manual,0
Car_928,2021,9.8,11.36,25557,Diesel,Dealer,Automatic,0
Car_929,2013,2.85,16.18,26825,Petrol,Individual,Automatic,1
Car_930,2023,11.88,12.5,13998,Petrol,Individual,Automatic,0
Car_931,2018,6.37,19.2,41080,Diesel,Dealer,Manual,3
Car_932,2012,0.92,7.64,147239,Petrol,Dealer,Manual,1
Car_933,2013,0.69,3.82,47407,Petrol,Individual,Automatic,0
Car_934,2015,1.78,9.25,125283,Petrol,Individual,Manual,2
Car_935,2005,0.76,13.17,18338,Diesel,Individual,Automatic,0
Car_936,2018,2.44,6.28,81289,CNG,Individual,Automatic,0
Car_937,2009,0.85,10.48,136029,Diesel,Individual,Manual,0
Car_938,2018,3.85,11.5,114367,Diesel,Dealer,Manual,2
Car_939,2008,0.5,3.79,70898,Diesel,Individual,Manual,1
Car_940,2005,0.63,15.62,139526,Diesel,Individual,Manual,1
Car_941,2023,14.81,22.4,122486,CNG,Individual,Automatic,1
Car_942,2012,0.82,5.91,91540,Petrol,Individual,Automatic,1
Car_943,2019,5.14,15.95,141421,Petrol,Individual,Manual,1
Car_944,2019,6.84,17.46,130416,CNG,Individual,Automatic,0
Car_945,2013,2.17,11.94,44963,Diesel,Individual,Manual,0
Car_946,2013,2.57,18.27,143822,Petrol,Individual,Manual,0
Car_947,2014,1.7,11.74,99929,CNG,Individual,Manual,2
Car_948,2013,2.42,13.85,79935,Petrol,Dealer,Automatic,1
Car_949,2007,0.5,2.67,18686,Petrol,Individual,Automatic,1
Car_950,2015,4.14,18.06,68528,Diesel,Individual,Manual,0
Car_951,2010,1.83,17.38,104811,Petrol,Dealer,Manual,0
Car_952,2006,0.5,3.36,27787,Diesel,Individual,Manual,2
Car_953,2011,1.4,10.79,120613,Petrol,Dealer,Automatic,0
Car_954,2022,16.17,24.53,109887,Petrol,Dealer,Manual,1
Car_955,2006,0.62,11.97,66086,Diesel,Individual,Manual,0
Car_956,2021,9.21,13.79,107231,Diesel,Individual,Automatic,1
Car_957,2015,4.55,22.97,68308,Petrol,Individual,Manual,1
Car_958,2016,4.67,18.64,20797,CNG,Dealer,Manual,1
Car_959,2023,13.94,15.6,10302,Diesel,Dealer,Manual,0
Car_960,2011,2.6,20.45,43059,Petrol,Individual,Automatic,1
Car_961,2010,2.61,21.95,136980,Petrol,Dealer,Automatic,0
Car_962,2005,0.5,12.78,148949,Diesel,Individual,Manual,2
Car_963,2021,7.98,13.19,19239,Diesel,Individual,Manual,1
Car_964,2015,2.71,11.19,32313,Petrol,Individual,Manual,0
Car_965,2022,17.68,24.25,47103,Petrol,Dealer,Manual,1
Car_966,2021,10.98,18.19,93771,Petrol,Dealer,Manual,1
Car_967,2011,0.5,4.37,131228,Petrol,Dealer,Manual,2
Car_968,2021,14.03,21.92,96665,Diesel,Dealer,Manual,0
Car_969,2013,2.37,13.31,15534,CNG,Individual,Automatic,0
Car_970,2021,2.05,4.05,48060,Petrol,Individual,Manual,2
Car_971,2012,2.29,14.87,22189,Diesel,Dealer,Automatic,2
Car_972,2021,5.73,11.89,133431,CNG,Dealer,Manual,0
Car_973,2011,2.3,22.25,91067,CNG,Dealer,Manual,0
Car_974,2005,0.5,7.09,15967,CNG,Individual,Manual,0
Car_975,2017,6.89,21.1,70563,Diesel,Dealer,Manual,0
Car_976,2023,14.3,15.05,13660,Diesel,Individual,Automatic,0
Car_977,2023,3.44,3.73,123671,Petrol,Dealer,Automatic,0
Car_978,2021,12.47,24.37,134909,Petrol,Dealer,Manual,2
Car_979,2017,4.87,14.03,145688,Diesel,Dealer,Automatic,0
Car_980,2020,4.66,9.04,80976,Petrol,Individual,Automatic,1
Car_981,2012,1.78,13.06,18107,Petrol,Individual,Manual,1
Car_982,2023,15.58,21.8,99182,Petrol,Individual,Manual,1
Car_983,2022,6.38,9.36,96787,Diesel,Dealer,Manual,1
Car_984,2005,0.5,6.84,20954,Diesel,Dealer,Automatic,1
Car_985,2018,2.01,5.4,21943,Petrol,Dealer,Manual,2
Car_986,2023,6.52,9.2,45725,Petrol,Individual,Manual,1
Car_987,2019,9.43,20.05,50434,Diesel,Dealer,Manual,0
Car_988,2022,8.23,13.11,90751,Petrol,Individual,Manual,0
Car_989,2006,0.5,7.62,15110,Diesel,Dealer,Automatic,2
Car_990,2021,3.66,6.24,21462,Petrol,Dealer,Manual,1
Car_991,2022,5.19,9.99,84232,CNG,Individual,Manual,3
Car_992,2010,2.82,23.65,71567,Diesel,Dealer,Automatic,0
Car_993,2023,7.95,10.22,132425,Diesel,Individual,Manual,0
Car_994,2008,1.82,24.73,61063,Diesel,Dealer,Manual,0
Car_995,2005,0.62,13.42,118394,Petrol,Dealer,Automatic,0
Car_996,2012,0.93,6.53,60240,Petrol,Individual,Automatic,1
Car_997,2011,2.56,22.55,86352,Diesel,Dealer,Manual,2
Car_998,2007,0.64,12.86,85989,CNG,Individual,Manual,1
Car_999,2014,4.34,18.47,27222,Petrol,Individual,Automatic,0
Car_1000,2014,4.42,24.63,84794,Diesel,Dealer,Manual,1
Car_1001,2023,2.85,3.63,68924,CNG,Individual,Automatic,1
Car_1002,2018,1.73,4.68,104854,Diesel,Dealer,Automatic,1
Car_1003,2006,0.94,18.71,83513,Diesel,Individual,Manual,1
Car_1004,2005,0.5,8.84,59649,Diesel,Individual,Automatic,1
Car_1005,2022,3.84,6.65,107986,CNG,Individual,Manual,0
Car_1006,2011,0.5,3.39,88749,CNG,Individual,Automatic,1
Car_1007,2012,0.5,2.99,146295,CNG,Individual,Automatic,1
Car_1008,2005,0.95,19.93,44369,Diesel,Individual,Manual,0
Car_1009,2007,0.5,5.52,91379,Petrol,Dealer,Manual,0
Car_1010,2012,1.7,13.02,74392,Petrol,Individual,Manual,0
Car_1011,2019,6.82,16.13,17661,Petrol,Dealer,Manual,0
Car_1012,2009,0.74,12.14,76718,CNG,Individual,Manual,2
Car_1013,2007,0.5,3.11,12970,Diesel,Individual,Automatic,0
Car_1014,2023,16.51,20.13,52922,Diesel,Individual,Manual,0
Car_1015,2005,0.5,2.74,35755,Diesel,Individual,Manual,0
Car_1016,2019,8.86,19.64,125926,Petrol,Individual,Automatic,0
Car_1017,2012,3.13,22.6,24416,Petrol,Dealer,Manual,1
Car_1018,2006,0.85,12.24,18672,Diesel,Dealer,Automatic,1
Car_1019,2007,0.75,14.55,133145,Petrol,Individual,Manual,0
Car_1020,2018,4.14,13.23,79095,Petrol,Individual,Manual,3
Car_1021,2018,4.69,11.26,5064,Diesel,Individual,Manual,0
Car_1022,2015,5.47,22.47,73835,Petrol,Individual,Automatic,1
Car_1023,2020,8.64,22.61,141711,CNG,Dealer,Manual,2
Car_1024,2008,0.58,10.06,147127,Petrol,Individual,Manual,1
Car_1025,2009,1.07,16.34,92594,CNG,Dealer,Manual,3
Car_1026,2018,8.0,23.36,121916,Petrol,Dealer,Automatic,2
Car_1027,2020,9.9,24.15,125308,Petrol,Dealer,Manual,2
Car_1028,2022,11.51,13.95,87516,Diesel,Individual,Automatic,0
Car_1029,2011,1.77,12.69,69666,Diesel,Individual,Automatic,1
Car_1030,2014,1.42,8.77,123294,Diesel,Dealer,Manual,2
Car_1031,2011,2.75,24.07,15866,Petrol,Individual,Manual,2
Car_1032,2005,0.5,5.71,8889,Petrol,Dealer,Manual,2
Car_1033,2023,11.09,15.55,123194,Diesel,Individual,Manual,2
Car_1034,2020,3.77,8.86,129714,Petrol,Individual,Manual,1
Car_1035,2023,7.37,8.78,36335,Petrol,Dealer,Manual,0
Car_1036,2008,0.87,11.61,55547,Diesel,Individual,Manual,0
Car_1037,2022,17.09,24.97,103756,Petrol,Dealer,Manual,0
Car_1038,2006,0.5,3.74,15995,Petrol,Individual,Manual,0
Car_1039,2005,0.7,15.52,7631,Petrol,Individual,Manual,0
Car_1040,2019,1.76,4.36,142039,CNG,Dealer,Automatic,0
Car_1041,2009,0.5,5.98,93294,Petrol,Individual,Manual,0
Car_1042,2015,2.17,12.39,92278,CNG,Dealer,Manual,3
Car_1043,2014,2.67,13.99,69471,Petrol,Individual,Manual,0
Car_1044,2006,0.5,8.32,42116,Diesel,Dealer,Manual,0
Car_1045,2007,0.57,9.62,97116,Petrol,Dealer,Manual,1
Car_1046,2016,1.04,4.46,138014,Petrol,Individual,Manual,2
Car_1047,2009,0.93,9.32,52664,Diesel,Dealer,Manual,0
Car_1048,2009,2.3,24.25,92342,Diesel,Individual,Automatic,0
Car_1049,2010,3.13,23.76,19407,Diesel,Individual,Automatic,0
Car_1050,2013,1.67,10.03,118926,Diesel,Individual,Manual,0
Car_1051,2006,0.93,15.34,64201,Petrol,Dealer,Automatic,0
Car_1052,2016,5.68,22.97,85093,Petrol,Individual,Manual,1
Car_1053,2007,0.5,2.64,22878,Petrol,Individual,Manual,2
Car_1054,2016,5.9,20.74,88100,Diesel,Dealer,Manual,1
Car_1055,2021,13.8,23.84,83629,Petrol,Individual,Manual,0
Car_1056,2014,0.86,4.55,48168,CNG,Dealer,Manual,0
Car_1057,2018,2.37,6.13,59862,Petrol,Individual,Automatic,0
Car_1058,2021,15.47,24.12,33004,Diesel,Individual,Manual,0
Car_1059,2022,9.4,14.59,25471,Petrol,Individual,Manual,1
Car_1060,2023,2.06,2.82,96820,Petrol,Individual,Manual,2
Car_1061,2021,4.81,8.3,107229,Diesel,Dealer,Manual,0
Car_1062,2018,3.8,12.62,70308,Diesel,Dealer,Manual,3
Car_1063,2013,2.23,18.09,88969,CNG,Dealer,Manual,2
Car_1064,2012,2.97,19.0,19568,Diesel,Dealer,Manual,0
Car_1065,2006,1.28,24.9,14466,Diesel,Individual,Manual,0
Car_1066,2017,2.64,8.97,62324,Diesel,Individual,Manual,0
Car_1067,2011,1.76,14.61,107208,Diesel,Dealer,Manual,1
Car_1068,2013,2.24,14.5,80955,Diesel,Individual,Manual,0
Car_1069,2015,2.55,11.63,99791,Petrol,Individual,Manual,0
Car_1070,2018,1.86,6.31,113718,Petrol,Dealer,Manual,2
Car_1071,2008,1.79,24.49,27650,Diesel,Dealer,Manual,0
Car_1072,2017,6.46,21.7,93290,Diesel,Individual,Manual,0
Car_1073,2006,0.6,13.71,82701,Petrol,Individual,Manual,1
Car_1074,2009,1.34,16.07,15683,Petrol,Individual,Automatic,2
Car_1075,2015,1.82,7.61,85978,Diesel,Dealer,Manual,0
Car_1076,2010,1.74,14.74,9860,Petrol,Individual,Automatic,0
Car_1077,2022,12.36,18.14,139801,Diesel,Individual,Manual,1
Car_1078,2014,3.25,14.09,36351,Diesel,Dealer,Automatic,1
Car_1079,2008,1.79,24.78,67744,Petrol,Dealer,Automatic,3
Car_1080,2013,2.9,16.26,125198,Diesel,Dealer,Automatic,0
Car_1081,2010,1.21,10.85,79155,Diesel,Dealer,Automatic,1
Car_1082,2006,1.12,19.87,126449,Diesel,Dealer,Manual,0
Car_1083,2021,3.44,6.34,81700,Petrol,Individual,Manual,2
Car_1084,2009,1.04,11.15,11955,Petrol,Individual,Manual,0
Car_1085,2010,1.11,10.31,26662,Diesel,Individual,Manual,0
Car_1086,2016,3.71,12.22,11408,Petrol,Dealer,Automatic,0
Car_1087,2014,3.78,20.09,6225,Petrol,Individual,Manual,0
Car_1088,2010,1.33,13.39,148268,Petrol,Individual,Automatic,0
Car_1089,2012,2.75,20.37,22279,Petrol,Individual,Manual,0
Car_1090,2006,0.74,15.47,115401,Petrol,Individual,Manual,0
Car_1091,2016,2.99,10.2,97404,Petrol,Individual,Automatic,0
Car_1092,2017,4.94,20.72,53481,CNG,Individual,Manual,2
Car_1093,2011,1.12,7.86,49552,Diesel,Dealer,Manual,0
Car_1094,2014,1.28,7.55,142930,Petrol,Dealer,Manual,1
Car_1095,2017,5.15,13.85,79474,Diesel,Individual,Automatic,1
Car_1096,2021,5.85,8.37,30168,Petrol,Individual,Automatic,0
Car_1097,2018,1.35,2.7,37099,Diesel,Individual,Automatic,0
Car_1098,2006,0.73,17.09,66455,Petrol,Individual,Manual,2
Car_1099,2015,2.97,14.0,59240,Petrol,Individual,Manual,0
Car_1100,2005,0.58,12.52,79796,Diesel,Dealer,Manual,0
Car_1101,2023,20.55,24.26,59592,Petrol,Dealer,Manual,0
Car_1102,2008,1.14,15.35,127181,Diesel,Dealer,Manual,0
Car_1103,2023,16.97,21.93,106611,Petrol,Individual,Manual,0
Car_1104,2015,1.05,5.64,63046,Petrol,Individual,Manual,3
Car_1105,2012,2.13,15.31,21488,Diesel,Individual,Manual,2
Car_1106,2015,4.24,22.03,123521,Diesel,Individual,Manual,2
Car_1107,2008,1.08,15.62,136467,Petrol,Dealer,Manual,0
Car_1108,2021,9.95,18.66,146917,Petrol,Dealer,Manual,3
Car_1109,2011,1.22,10.87,23394,Petrol,Individual,Manual,1
Car_1110,2012,0.5,4.58,98993,CNG,Individual,Manual,2
Car_1111,2007,0.84,12.8,64332,Petrol,Dealer,Automatic,1
Car_1112,2006,0.57,11.38,47628,Petrol,Individual,Manual,0
Car_1113,2019,10.67,22.01,26352,Diesel,Dealer,Automatic,2
Car_1114,2009,0.67,7.99,87971,Petrol,Dealer,Manual,0
Car_1115,2005,0.92,24.25,56993,Petrol,Individual,Manual,3
Car_1116,2008,1.56,24.06,108027,Petrol,Dealer,Manual,0
Car_1117,2019,2.63,8.07,125212,Diesel,Individual,Manual,3
Car_1118,2023,9.81,10.33,13539,Petrol,Dealer,Manual,0
Car_1119,2007,1.18,22.65,137335,Petrol,Individual,Manual,0
Car_1120,2015,6.04,24.25,149377,Diesel,Individual,Automatic,1
Car_1121,2021,7.11,12.48,58817,Petrol,Individual,Manual,1
Car_1122,2017,2.85,9.72,54107,Petrol,Dealer,Manual,1
Car_1123,2015,2.9,14.34,134240,Petrol,Dealer,Manual,0
Car_1124,2006,0.9,17.97,104655,Diesel,Individual,Manual,0
Car_1125,2013,1.48,8.65,61132,CNG,Dealer,Automatic,0
Car_1126,2006,0.92,19.07,130701,Petrol,Individual,Manual,0
Car_1127,2013,0.5,3.66,110494,Petrol,Individual,Manual,1
Car_1128,2013,0.64,3.61,57979,Petrol,Dealer,Manual,0
Car_1129,2012,1.44,11.19,63013,Petrol,Individual,Manual,0
Car_1130,2021,5.09,10.45,68797,Diesel,Individual,Manual,3
Car_1131,2005,0.5,9.6,56798,Petrol,Individual,Manual,0
Car_1132,2015,3.7,13.55,81421,Petrol,Dealer,Automatic,1
Car_1133,2012,1.48,9.72,12434,Diesel,Dealer,Manual,0
Car_1134,2014,1.37,6.83,35028,Petrol,Dealer,Manual,0
Car_1135,2011,1.33,9.46,71558,Diesel,Dealer,Automatic,1
Car_1136,2007,1.72,24.44,29331,Petrol,Dealer,Manual,0
Car_1137,2007,0.57,11.75,72573,CNG,Individual,Manual,1
Car_1138,2022,8.9,12.51,134473,Petrol,Dealer,Automatic,2
Car_1139,2009,1.0,15.47,87979,CNG,Dealer,Manual,2
Car_1140,2016,6.35,24.63,9123,Petrol,Dealer,Manual,2
Car_1141,2016,2.36,7.94,21603,Diesel,Dealer,Manual,1
Car_1142,2023,16.94,17.83,70941,Petrol,Dealer,Automatic,0
Car_1143,2010,1.83,18.61,47597,Diesel,Individual,Manual,0
Car_1144,2006,0.78,16.16,89238,Petrol,Individual,Automatic,1
Car_1145,2016,1.24,4.49,46751,Diesel,Dealer,Manual,1
Car_1146,2023,14.42,17.73,131462,Diesel,Dealer,Manual,0
Car_1147,2009,0.5,3.94,91978,Diesel,Individual,Manual,0
Car_1148,2016,4.49,15.91,22693,Diesel,Dealer,Manual,0
Car_1149,2021,12.48,19.14,99524,Petrol,Dealer,Automatic,0
Car_1150,2021,4.98,7.25,102869,Petrol,Individual,Automatic,0
Car_1151,2014,3.78,21.44,68825,Diesel,Individual,Manual,1
Car_1152,2021,1.74,3.18,145594,Petrol,Individual,Manual,0
Car_1153,2019,7.25,21.49,135475,Petrol,Individual,Manual,1
Car_1154,2016,3.04,12.86,50406,Petrol,Individual,Manual,1
Car_1155,2020,3.04,7.4,148193,Petrol,Individual,Manual,0
Car_1156,2023,5.23,5.51,128371,Diesel,Individual,Automatic,0
Car_1157,2012,4.02,23.95,6617,Diesel,Dealer,Manual,0
Car_1158,2021,2.19,4.13,48016,CNG,Individual,Manual,1
Car_1159,2009,0.7,6.98,29276,Petrol,Dealer,Automatic,1
Car_1160,2020,4.61,10.33,77240,CNG,Dealer,Manual,0
Car_1161,2010,1.87,16.46,111292,Diesel,Individual,Automatic,0
Car_1162,2012,2.06,14.76,22959,CNG,Individual,Automatic,0
Car_1163,2022,4.33,5.33,33522,Diesel,Individual,Manual,1
Car_1164,2016,2.25,9.02,146025,Diesel,Dealer,Manual,0
Car_1165,2019,3.08,7.87,31567,Petrol,Individual,Manual,1
Car_1166,2013,1.34,7.3,67708,Petrol,Individual,Automatic,1
Car_1167,2017,3.42,11.75,131206,Petrol,Dealer,Manual,0
Car_1168,2019,8.19,18.34,27560,CNG,Individual,Automatic,1
Car_1169,2014,1.31,7.39,63390,CNG,Dealer,Manual,0
Car_1170,2020,5.34,10.75,130772,Diesel,Dealer,Manual,0
Car_1171,2011,1.63,11.3,50104,Diesel,Dealer,Automatic,0
Car_1172,2021,14.19,24.47,62805,CNG,Dealer,Manual,0
Car_1173,2011,3.53,23.98,29496,Diesel,Individual,Automatic,0
Car_1174,2018,7.98,20.5,96257,Diesel,Dealer,Manual,1
Car_1175,2019,3.33,7.94,8515,Petrol,Individual,Manual,2
Car_1176,2011,0.5,4.03,9454,Petrol,Dealer,Manual,1
Car_1177,2013,1.9,9.63,27873,Petrol,Individual,Automatic,0
Car_1178,2023,6.68,8.5,78920,Petrol,Individual,Automatic,3
Car_1179,2020,9.45,13.88,18727,Diesel,Dealer,Automatic,0
Car_1180,2012,2.43,20.0,133376,Petrol,Individual,Manual,0
Car_1181,2022,14.43,21.81,74070,Diesel,Individual,Manual,0
Car_1182,2022,12.81,21.51,104059,Petrol,Individual,Manual,1
Car_1183,2011,1.2,10.59,129564,Petrol,Individual,Manual,0
Car_1184,2007,1.19,17.96,122213,Diesel,Individual,Automatic,1
Car_1185,2022,8.13,9.54,30465,Diesel,Individual,Automatic,0
Car_1186,2014,0.75,3.87,64799,Petrol,Dealer,Manual,1
Car_1187,2011,2.29,18.29,101129,Diesel,Individual,Automatic,1
Car_1188,2021,1.61,2.72,144374,Petrol,Dealer,Automatic,2
Car_1189,2018,4.18,11.71,112288,CNG,Dealer,Automatic,2
Car_1190,2007,0.68,9.91,17875,Diesel,Dealer,Manual,1
Car_1191,2016,5.78,18.1,32219,Petrol,Individual,Automatic,0
Car_1192,2017,6.37,19.74,41182,Diesel,Individual,Manual,1
Car_1193,2006,0.5,9.34,84781,Diesel,Dealer,Manual,0
Car_1194,2007,1.33,20.76,11457,Diesel,Dealer,Manual,3
Car_1195,2009,0.69,9.11,142821,Diesel,Individual,Manual,2
Car_1196,2015,2.89,12.54,38064,Petrol,Dealer,Manual,0
Car_1197,2012,2.4,18.86,145893,Diesel,Dealer,Manual,1
Car_1198,2016,5.42,18.09,120256,Diesel,Individual,Automatic,0
Car_1199,2011,2.72,24.72,103297,Diesel,Individual,Manual,0
Car_1200,2019,3.0,7.57,143736,Petrol,Dealer,Manual,1
Car_1201,2021,10.6,17.4,74918,Diesel,Individual,Manual,0
Car_1202,2008,1.01,16.22,95179,Diesel,Individual,Manual,2
Car_1203,2017,7.6,23.09,79944,Diesel,Individual,Manual,0
Car_1204,2022,3.81,6.02,94142,Petrol,Dealer,Manual,2
Car_1205,2005,1.02,19.42,32603,Petrol,Dealer,Automatic,1
Car_1206,2020,7.7,15.29,51458,Petrol,Dealer,Automatic,2
Car_1207,2017,2.67,8.68,75605,Petrol,Individual,Manual,0
Car_1208,2014,2.98,13.17,24623,Diesel,Individual,Manual,0
Car_1209,2016,2.64,10.01,49440,Diesel,Dealer,Manual,2
Car_1210,2006,0.78,15.53,87427,Diesel,Individual,Manual,1
Car_1211,2007,1.22,22.5,143776,Diesel,Individual,Manual,0
Car_1212,2014,2.98,15.31,98826,Petrol,Individual,Automatic,1
Car_1213,2006,0.7,16.71,32460,Petrol,Individual,Manual,3
Car_1214,2017,5.02,14.17,115373,Diesel,Individual,Automatic,1
Car_1215,2017,1.21,3.65,142637,Diesel,Dealer,Manual,1
Car_1216,2022,6.04,7.74,9870,Diesel,Individual,Manual,2
Car_1217,2007,0.8,13.57,23909,Petrol,Individual,Manual,0
Car_1218,2011,1.05,9.48,14117,Diesel,Dealer,Manual,3
Car_1219,2018,2.26,6.59,72474,Petrol,Individual,Manual,1
Car_1220,2021,8.59,13.84,98926,Diesel,Dealer,Manual,0
Car_1221,2016,2.23,9.76,132463,CNG,Dealer,Manual,0
Car_1222,2020,4.93,8.31,106536,Diesel,Dealer,Manual,0
Car_1223,2016,3.09,12.94,25128,Petrol,Individual,Manual,1
Car_1224,2019,2.35,5.5,74001,Diesel,Individual,Manual,1
Car_1225,2014,4.41,23.37,5440,Petrol,Dealer,Manual,2
Car_1226,2011,2.2,22.02,128491,Petrol,Individual,Manual,2
Car_1227,2009,1.42,18.42,147735,Diesel,Individual,Manual,0
Car_1228,2005,0.5,4.89,86662,Petrol,Individual,Manual,1
Car_1229,2021,13.04,19.96,5005,CNG,Dealer,Automatic,1
Car_1230,2007,1.49,20.68,12038,Petrol,Dealer,Automatic,0
Car_1231,2017,7.33,19.77,11414,Diesel,Individual,Automatic,1
Car_1232,2018,2.0,5.06,74506,Diesel,Individual,Manual,0
Car_1233,2022,12.45,16.99,81586,Petrol,Individual,Manual,0
Car_1234,2008,1.66,21.27,138678,Diesel,Individual,Automatic,0
Car_1235,2022,10.58,15.49,21482,CNG,Individual,Manual,1
Car_1236,2009,1.64,17.04,38948,Diesel,Dealer,Manual,1
Car_1237,2020,6.05,12.81,94987,Diesel,Individual,Manual,1
Car_1238,2005,0.6,14.4,25875,CNG,Dealer,Manual,1
Car_1239,2018,1.33,3.27,18057,Petrol,Dealer,Manual,0
Car_1240,2019,7.48,16.88,37400,Petrol,Dealer,Manual,0
Car_1241,2013,0.65,4.33,73607,Petrol,Individual,Manual,0
Car_1242,2019,6.1,12.29,92561,Diesel,Individual,Automatic,0
Car_1243,2021,5.4,9.08,32503,Diesel,Dealer,Manual,2
Car_1244,2008,1.07,14.77,106096,Diesel,Dealer,Manual,1
Car_1245,2016,1.75,5.5,51612,CNG,Dealer,Automatic,0
Car_1246,2009,1.56,18.06,103318,Diesel,Individual,Manual,0
Car_1247,2009,1.93,20.39,89335,Petrol,Individual,Automatic,1
Car_1248,2015,1.25,6.18,105989,Petrol,Individual,Manual,1
Car_1249,2010,0.5,4.85,98012,CNG,Individual,Manual,1
Car_1250,2011,0.74,5.77,86748,Petrol,Dealer,Automatic,0
Car_1251,2018,6.92,22.24,145500,Diesel,Dealer,Manual,1
Car_1252,2015,3.14,14.38,70195,Petrol,Individual,Manual,0
Car_1253,2017,3.64,13.01,94846,Petrol,Dealer,Manual,2
Car_1254,2006,0.5,4.9,107404,Diesel,Dealer,Manual,0
Car_1255,2011,2.62,17.12,44142,Petrol,Dealer,Automatic,0
Car_1256,2008,1.22,22.03,76540,CNG,Individual,Manual,1
Car_1257,2012,2.74,21.13,81948,Petrol,Individual,Manual,0
Car_1258,2023,15.76,16.59,63951,Diesel,Dealer,Automatic,1
Car_1259,2017,1.35,4.19,16755,Diesel,Individual,Manual,0
Car_1260,2018,2.15,5.03,122985,Diesel,Dealer,Automatic,0
Car_1261,2014,0.56,3.61,89553,CNG,Individual,Manual,2
Car_1262,2015,1.75,8.29,139962,Petrol,Individual,Manual,0
Car_1263,2006,0.5,5.55,99376,Petrol,Dealer,Manual,0
Car_1264,2013,1.7,8.35,22175,Petrol,Individual,Automatic,0
Car_1265,2021,6.3,11.16,70687,Diesel,Individual,Manual,2
Car_1266,2007,1.33,23.72,89983,CNG,Dealer,Manual,1
Car_1267,2010,1.35,16.23,51629,Petrol,Dealer,Manual,3
Car_1268,2009,1.53,21.29,121779,Diesel,Individual,Manual,2
Car_1269,2009,1.65,18.48,73513,Petrol,Dealer,Manual,1
Car_1270,2019,2.28,5.03,87762,Petrol,Individual,Automatic,0
Car_1271,2021,10.31,19.06,137731,Diesel,Individual,Manual,2
Car_1272,2013,1.39,8.69,62941,Petrol,Dealer,Manual,0
Car_1273,2007,0.98,16.88,48473,Petrol,Dealer,Manual,2
Car_1274,2021,6.23,10.17,21040,Diesel,Individual,Manual,1
Car_1275,2014,5.83,24.95,74806,Diesel,Dealer,Automatic,1
Car_1276,2007,0.5,8.43,149358,Petrol,Individual,Manual,0
Car_1277,2022,6.39,8.78,117076,Diesel,Individual,Automatic,1
Car_1278,2022,16.93,23.44,60916,Diesel,Individual,Manual,1
Car_1279,2021,1.75,3.05,138363,Petrol,Individual,Automatic,0
Car_1280,2007,0.97,18.18,149195,Diesel,Individual,Manual,3
Car_1281,2007,1.31,18.82,8811,Petrol,Individual,Automatic,1
Car_1282,2010,1.79,21.32,36276,Petrol,Individual,Manual,0
Car_1283,2017,7.31,24.42,86049,Petrol,Individual,Automatic,1
Car_1284,2019,9.81,24.45,148266,Diesel,Individual,Manual,1
Car_1285,2013,0.58,3.97,78062,Petrol,Individual,Manual,2
Car_1286,2008,1.43,20.99,59499,Petrol,Dealer,Manual,1
Car_1287,2018,7.07,17.04,51281,Petrol,Individual,Automatic,0
Car_1288,2009,1.54,17.07,49852,Petrol,Dealer,Manual,0
Car_1289,2006,0.5,5.39,9595,Diesel,Dealer,Automatic,0
Car_1290,2015,3.92,17.13,100930,Petrol,Dealer,Manual,0
Car_1291,2013,4.26,24.61,97676,Diesel,Individual,Automatic,1
Car_1292,2007,1.72,23.02,24405,Diesel,Dealer,Manual,0
Car_1293,2013,1.87,12.38,63122,Diesel,Individual,Manual,0
Car_1294,2007,0.5,3.4,133909,Petrol,Individual,Manual,1
Car_1295,2006,0.61,10.65,8447,Petrol,Dealer,Manual,0
Car_1296,2016,5.32,21.09,15662,Petrol,Individual,Manual,0
Car_1297,2014,3.47,18.28,63282,Diesel,Individual,Manual,1
Car_1298,2013,2.18,12.84,140971,Petrol,Individual,Automatic,0
Car_1299,2019,1.91,3.74,33582,Diesel,Dealer,Automatic,1
Car_1300,2012,1.61,12.11,72471,Petrol,Dealer,Manual,1
Car_1301,2009,0.84,13.05,128513,Petrol,Individual,Manual,2
Car_1302,2015,5.3,23.39,112578,Petrol,Dealer,Manual,0
Car_1303,2006,0.9,16.92,80871,Petrol,Dealer,Manual,0
Car_1304,2019,3.66,9.51,88205,CNG,Dealer,Manual,1
Car_1305,2010,1.55,14.32,79081,Petrol,Individual,Automatic,0
Car_1306,2012,0.6,3.99,110783,Diesel,Dealer,Automatic,0
Car_1307,2009,2.08,24.38,88805,Diesel,Individual,Manual,0
Car_1308,2020,5.37,10.6,129698,Diesel,Individual,Manual,1
Car_1309,2022,7.76,13.25,143138,Petrol,Individual,Manual,2
Car_1310,2010,1.09,10.49,15712,CNG,Dealer,Automatic,3
Car_1311,2009,1.29,17.86,86527,Petrol,Individual,Manual,2
Car_1312,2020,8.61,17.4,134453,Diesel,Dealer,Manual,0
Car_1313,2017,6.11,18.59,131888,Petrol,Dealer,Automatic,1
Car_1314,2009,0.7,8.53,92185,Petrol,Dealer,Manual,0
Car_1315,2017,2.73,9.6,104851,Diesel,Dealer,Manual,2
Car_1316,2021,2.85,5.32,17210,Diesel,Individual,Manual,2
Car_1317,2022,11.87,17.25,41972,Petrol,Individual,Automatic,3
Car_1318,2012,0.5,3.4,39136,Petrol,Individual,Manual,2
Car_1319,2017,5.24,15.95,121445,Diesel,Dealer,Automatic,1
Car_1320,2023,20.96,22.07,20945,Petrol,Individual,Automatic,1
Car_1321,2007,1.35,22.54,84180,Petrol,Dealer,Automatic,3
Car_1322,2012,1.46,12.6,75453,CNG,Individual,Manual,1
Car_1323,2006,0.59,12.83,90404,CNG,Dealer,Automatic,2
Car_1324,2012,0.51,4.23,149296,Diesel,Individual,Manual,2
Car_1325,2017,5.41,17.59,8052,Diesel,Individual,Manual,1
Car_1326,2017,6.51,20.98,32272,Petrol,Dealer,Manual,0
Car_1327,2005,0.5,8.0,46150,CNG,Individual,Manual,0
Car_1328,2010,1.38,11.98,143312,Petrol,Individual,Automatic,0
Car_1329,2023,18.71,21.37,102095,Petrol,Individual,Automatic,0
Car_1330,2020,11.26,22.24,73774,Diesel,Individual,Manual,0
Car_1331,2012,1.18,7.97,48175,Petrol,Individual,Automatic,1
Car_1332,2005,0.71,14.89,136637,Diesel,Individual,Automatic,0
Car_1333,2020,3.38,6.83,21375,Petrol,Individual,Automatic,3
Car_1334,2013,0.79,4.79,30710,Petrol,Individual,Manual,0
Car_1335,2017,6.23,23.0,112026,Diesel,Individual,Manual,2
Car_1336,2015,4.73,20.96,32597,Petrol,Individual,Manual,0
Car_1337,2017,6.44,19.6,79289,Petrol,Dealer,Manual,1
Car_1338,2014,0.58,3.6,90687,Petrol,Dealer,Manual,1
Car_1339,2008,1.44,21.48,123968,Petrol,Individual,Automatic,1
Car_1340,2010,1.36,12.36,45274,Petrol,Individual,Automatic,1
Car_1341,2011,1.21,10.2,53634,CNG,Dealer,Manual,0
Car_1342,2009,1.43,14.8,35041,Petrol,Individual,Manual,0
Car_1343,2015,1.05,4.56,143320,Diesel,Dealer,Manual,0
Car_1344,2017,5.35,19.52,90365,Petrol,Individual,Manual,0
Car_1345,2023,11.68,15.6,138275,Petrol,Individual,Manual,1
Car_1346,2014,1.37,6.7,56986,Petrol,Individual,Automatic,1
Car_1347,2014,1.16,6.74,30370,Petrol,Individual,Manual,2
Car_1348,2015,1.2,6.65,40247,Petrol,Individual,Manual,2
Car_1349,2011,0.5,3.78,129403,Petrol,Dealer,Manual,0
Car_1350,2022,9.49,15.73,124544,Petrol,Individual,Manual,0
Car_1351,2008,1.62,21.41,136506,Petrol,Dealer,Automatic,1
Car_1352,2006,0.5,2.89,67982,Diesel,Individual,Automatic,0
Car_1353,2018,1.12,3.6,70180,CNG,Individual,Manual,1
Car_1354,2017,4.79,15.39,113534,Petrol,Individual,Automatic,1
Car_1355,2016,5.47,20.94,29644,Diesel,Individual,Manual,1
Car_1356,2011,1.06,9.85,43493,Diesel,Individual,Manual,2
Car_1357,2006,0.5,10.37,88824,Petrol,Individual,Manual,3
Car_1358,2017,4.48,15.92,140031,Diesel,Dealer,Manual,2
Car_1359,2018,2.61,8.67,52289,CNG,Dealer,Manual,2
Car_1360,2021,1.42,3.1,147215,Petrol,Individual,Manual,2
Car_1361,2013,3.42,19.04,40481,Diesel,Individual,Manual,0
Car_1362,2021,8.78,16.58,82097,Diesel,Individual,Manual,2
Car_1363,2012,2.67,15.57,27578,Petrol,Individual,Automatic,0
Car_1364,2006,0.83,19.19,148859,Petrol,Individual,Manual,1
Car_1365,2017,5.44,17.69,77048,CNG,Individual,Automatic,0
Car_1366,2007,0.5,7.13,146668,Diesel,Individual,Manual,0
Car_1367,2020,5.55,10.43,100737,Petrol,Individual,Automatic,0
Car_1368,2010,0.55,5.34,23687,Petrol,Individual,Manual,0
Car_1369,2023,3.69,5.42,127540,CNG,Individual,Manual,0
Car_1370,2011,1.89,17.71,35183,Petrol,Individual,Manual,0
Car_1371,2014,4.04,21.82,25758,Diesel,Dealer,Manual,2
Car_1372,2013,3.66,24.16,137154,Petrol,Individual,Automatic,2
Car_1373,2006,0.9,16.64,101368,Petrol,Dealer,Automatic,1
Car_1374,2019,2.92,6.64,50891,Petrol,Dealer,Manual,2
Car_1375,2009,0.5,4.88,51901,Petrol,Individual,Manual,1
Car_1376,2008,1.16,20.79,108912,Petrol,Individual,Manual,2
Car_1377,2008,1.15,15.52,76062,Diesel,Dealer,Manual,1
Car_1378,2022,13.73,16.41,77008,Diesel,Dealer,Automatic,1
Car_1379,2008,1.21,20.08,138847,Petrol,Individual,Manual,2
Car_1380,2021,10.39,18.32,22974,Diesel,Individual,Manual,0
Car_1381,2016,5.99,21.28,85591,Petrol,Dealer,Manual,0
Car_1382,2021,2.0,3.76,23615,Petrol,Individual,Manual,1
Car_1383,2014,4.71,19.32,27838,Petrol,Dealer,Automatic,0
Car_1384,2005,1.03,21.64,45728,Petrol,Individual,Manual,0
Car_1385,2022,5.42,8.94,121249,CNG,Individual,Manual,0
Car_1386,2022,10.27,16.91,83000,Diesel,Individual,Manual,2
Car_1387,2018,2.86,9.57,57798,Petrol,Individual,Manual,3
Car_1388,2019,10.68,24.05,149608,Diesel,Dealer,Manual,0
Car_1389,2016,0.88,3.25,141772,Petrol,Individual,Automatic,0
Car_1390,2008,1.3,15.55,15248,Petrol,Dealer,Automatic,0
Car_1391,2007,0.5,6.25,50291,Petrol,Individual,Automatic,1
Car_1392,2016,5.57,18.52,87629,Diesel,Individual,Automatic,0
Car_1393,2011,0.73,6.46,130612,Petrol,Dealer,Manual,0
Car_1394,2015,1.81,7.8,22177,Diesel,Individual,Manual,0
Car_1395,2005,0.56,13.62,48815,Petrol,Dealer,Manual,0
Car_1396,2010,2.48,23.08,43533,Petrol,Individual,Automatic,0
Car_1397,2019,2.95,7.26,5026,CNG,Individual,Automatic,1
Car_1398,2019,2.2,5.75,109997,Petrol,Individual,Manual,0
Car_1399,2023,18.6,19.58,65611,Diesel,Individual,Automatic,1
Car_1400,2015,3.22,13.76,92242,Diesel,Dealer,Manual,0
Car_1401,2006,1.01,23.02,109913,CNG,Individual,Manual,0
Car_1402,2018,1.98,5.8,47082,Petrol,Individual,Manual,0
Car_1403,2006,0.81,17.03,108613,Petrol,Dealer,Manual,1
Car_1404,2008,0.53,7.74,103315,Diesel,Dealer,Manual,1
Car_1405,2021,3.06,6.03,94690,Diesel,Individual,Manual,2
Car_1406,2007,1.25,17.88,100220,Diesel,Individual,Automatic,0
Car_1407,2017,4.81,15.86,20389,Petrol,Individual,Manual,0
Car_1408,2013,2.91,19.48,96860,Petrol,Individual,Automatic,0
Car_1409,2011,1.2,9.46,26797,Diesel,Individual,Manual,0
Car_1410,2019,5.66,12.58,116975,Petrol,Dealer,Automatic,0
Car_1411,2015,2.63,11.62,102169,Petrol,Individual,Automatic,0
Car_1412,2006,1.59,24.64,71332,Petrol,Dealer,Automatic,0
Car_1413,2019,3.42,9.08,143260,Petrol,Individual,Manual,1
Car_1414,2018,3.67,9.13,28696,Diesel,Dealer,Manual,1
Car_1415,2015,2.61,10.48,7024,Diesel,Individual,Manual,0
Car_1416,2007,0.85,15.2,142656,Petrol,Individual,Manual,0
Car_1417,2021,4.23,8.18,95998,Petrol,Individual,Manual,1
Car_1418,2016,7.09,23.09,10285,Diesel,Dealer,Manual,0
Car_1419,2019,3.46,8.48,12370,Petrol,Individual,Manual,1
Car_1420,2020,12.88,22.66,22903,Diesel,Dealer,Automatic,3
Car_1421,2009,0.5,4.83,102904,Diesel,Individual,Manual,2
Car_1422,2010,2.17,17.27,27995,Diesel,Individual,Automatic,0
Car_1423,2023,17.45,22.91,110160,Diesel,Individual,Manual,1
Car_1424,2009,0.51,6.3,93377,Petrol,Dealer,Manual,1
Car_1425,2007,1.39,24.29,149638,Diesel,Individual,Manual,0
Car_1426,2005,0.6,12.69,42822,Petrol,Individual,Automatic,1
Car_1427,2010,2.27,23.78,112412,Petrol,Individual,Automatic,0
Car_1428,2019,7.36,17.73,56222,Petrol,Individual,Automatic,2
Car_1429,2006,0.5,9.29,99088,Petrol,Individual,Manual,0
Car_1430,2007,0.5,6.74,95450,Petrol,Individual,Manual,0
Car_1431,2021,4.82,9.33,114366,Petrol,Individual,Manual,1
Car_1432,2016,1.16,4.59,115078,Diesel,Individual,Manual,0
Car_1433,2022,4.32,5.74,68853,CNG,Dealer,Automatic,0
Car_1434,2019,1.9,4.85,128794,Petrol,Individual,Automatic,0
Car_1435,2016,3.36,12.02,57442,Diesel,Individual,Manual,0
Car_1436,2020,10.75,20.4,14675,Petrol,Individual,Automatic,1
Car_1437,2012,0.7,5.68,94590,CNG,Dealer,Manual,0
Car_1438,2018,1.93,5.43,113570,Petrol,Dealer,Manual,0
Car_1439,2021,10.66,16.98,36661,Diesel,Individual,Manual,0
Car_1440,2012,0.95,6.94,69289,Petrol,Individual,Manual,0
Car_1441,2019,2.02,4.7,22184,Diesel,Individual,Manual,1
Car_1442,2018,2.26,6.25,52963,Petrol,Dealer,Manual,0
Car_1443,2022,18.66,23.28,10267,Petrol,Dealer,Automatic,2
Car_1444,2011,2.32,20.98,67814,Petrol,Individual,Manual,0
Car_1445,2007,0.68,10.47,41025,Petrol,Individual,Manual,0
Car_1446,2016,4.43,17.26,126246,Diesel,Dealer,Manual,1
Car_1447,2007,1.13,14.59,82605,Diesel,Dealer,Automatic,0
Car_1448,2018,6.04,17.74,137053,Petrol,Individual,Manual,0
Car_1449,2019,8.35,17.86,48436,CNG,Dealer,Automatic,0
Car_1450,2018,5.32,16.65,82192,Petrol,Individual,Manual,0
Car_1451,2011,0.85,8.49,125591,CNG,Dealer,Manual,1
Car_1452,2021,1.9,3.38,89511,Petrol,Individual,Manual,1
Car_1453,2016,3.26,12.75,14665,CNG,Dealer,Manual,0
Car_1454,2008,1.51,22.55,96277,Petrol,Individual,Manual,1
Car_1455,2013,2.19,15.31,57474,Diesel,Dealer,Manual,3
Car_1456,2010,1.91,21.23,80911,Petrol,Dealer,Manual,2
Car_1457,2020,13.06,24.81,97643,Diesel,Dealer,Manual,0
Car_1458,2006,0.5,6.18,35484,Diesel,Individual,Manual,0
Car_1459,2012,2.69,18.06,106165,Petrol,Individual,Automatic,0
Car_1460,2015,4.21,17.67,30835,CNG,Dealer,Automatic,0
Car_1461,2017,8.0,24.55,101453,CNG,Dealer,Automatic,0
Car_1462,2021,12.47,24.68,58790,CNG,Individual,Manual,0
Car_1463,2012,2.12,17.95,14643,CNG,Individual,Manual,0
Car_1464,2022,6.03,7.98,80846,Diesel,Individual,Automatic,1
Car_1465,2022,14.05,20.47,18200,CNG,Individual,Manual,0
Car_1466,2018,2.26,4.91,57275,Diesel,Dealer,Automatic,0
Car_1467,2019,9.76,20.07,94001,Petrol,Dealer,Automatic,0
Car_1468,2010,2.44,22.98,47448,Diesel,Dealer,Manual,1
Car_1469,2015,2.04,11.11,96685,CNG,Individual,Manual,1
Car_1470,2017,6.08,16.69,15619,Diesel,Individual,Automatic,3
Car_1471,2005,0.51,12.18,110454,Petrol,Dealer,Automatic,3
Car_1472,2010,1.31,12.35,6766,Petrol,Dealer,Automatic,1
Car_1473,2013,1.5,9.48,8549,Diesel,Individual,Manual,2
Car_1474,2012,2.4,19.65,112938,CNG,Dealer,Manual,0
Car_1475,2015,4.42,23.56,132673,Petrol,Dealer,Manual,1
Car_1476,2023,17.88,23.67,53328,Petrol,Individual,Manual,1
Car_1477,2013,1.03,6.43,30301,Petrol,Dealer,Manual,1
Car_1478,2021,18.38,22.18,49763,Diesel,Dealer,Automatic,0
Car_1479,2016,4.78,19.09,49787,Petrol,Individual,Manual,0
Car_1480,2018,3.05,8.19,125675,Diesel,Individual,Manual,0
Car_1481,2019,1.53,4.01,12425,CNG,Individual,Manual,1
Car_1482,2020,4.4,8.53,17857,Diesel,Dealer,Manual,3
Car_1483,2005,1.17,23.02,97999,Petrol,Individual,Automatic,0
Car_1484,2014,3.05,16.75,46457,CNG,Individual,Automatic,2
Car_1485,2012,2.6,18.72,136776,Diesel,Dealer,Manual,0
Car_1486,2022,5.64,8.29,10452,Petrol,Individual,Manual,2
Car_1487,2005,0.63,18.69,116153,Petrol,Individual,Manual,2
Car_1488,2006,0.5,3.13,43862,Diesel,Individual,Manual,0
Car_1489,2005,0.5,10.94,23300,Diesel,Individual,Manual,0
Car_1490,2005,0.62,16.6,145638,CNG,Individual,Manual,0
Car_1491,2013,0.81,5.79,143573,Petrol,Individual,Automatic,3
Car_1492,2017,6.67,21.02,6845,Petrol,Individual,Manual,0
Car_1493,2005,0.5,7.79,124342,Petrol,Dealer,Manual,1
Car_1494,2017,5.88,17.18,44181,Diesel,Individual,Manual,0
Car_1495,2011,1.44,11.62,39404,Diesel,Dealer,Automatic,2
Car_1496,2006,1.1,15.91,27564,Petrol,Dealer,Automatic,0
Car_1497,2010,0.52,4.92,102898,Petrol,Individual,Automatic,0
Car_1498,2011,0.5,2.88,23227,CNG,Individual,Manual,0
Car_1499,2018,6.54,22.97,100259,CNG,Dealer,Manual,0
Car_1500,2022,6.14,8.57,129451,Petrol,Individual,Automatic,0
Car_1501,2019,11.39,20.94,22215,Diesel,Dealer,Automatic,1
Car_1502,2006,1.27,24.99,135577,Diesel,Individual,Manual,0
Car_1503,2014,1.22,7.26,76074,Petrol,Dealer,Manual,1
Car_1504,2016,1.92,8.47,113621,Petrol,Individual,Manual,0
Car_1505,2021,11.18,17.41,148526,Petrol,Individual,Automatic,0
Car_1506,2012,2.82,24.22,111759,Petrol,Individual,Manual,0
Car_1507,2015,5.02,23.11,133471,Diesel,Dealer,Manual,1
Car_1508,2007,0.96,13.81,26711,Petrol,Individual,Automatic,0
Car_1509,2010,2.22,20.39,53398,Petrol,Individual,Automatic,0
Car_1510,2013,0.93,5.55,6286,Diesel,Individual,Manual,1
Car_1511,2010,2.17,24.49,113304,Petrol,Individual,Manual,0
Car_1512,2013,3.59,24.2,109959,Diesel,Individual,Manual,1
Car_1513,2011,0.77,6.18,64967,Petrol,Dealer,Manual,0
Car_1514,2013,1.43,9.24,102803,Petrol,Dealer,Manual,0
Car_1515,2022,2.44,4.75,134745,CNG,Individual,Manual,1
Car_1516,2016,2.2,8.61,59583,Petrol,Individual,Manual,0
Car_1517,2012,2.64,20.86,129077,Diesel,Individual,Manual,0
Car_1518,2012,1.43,11.01,116359,Petrol,Individual,Automatic,1
Car_1519,2022,4.26,4.49,32086,Diesel,Dealer,Automatic,0
Car_1520,2019,4.3,10.2,109132,Diesel,Dealer,Manual,1
Car_1521,2011,2.69,24.58,64263,Petrol,Individual,Automatic,2
Car_1522,2015,3.45,16.67,125155,Diesel,Individual,Manual,1
Car_1523,2020,6.68,11.86,65664,Petrol,Individual,Automatic,0
Car_1524,2008,0.5,6.25,125474,CNG,Dealer,Manual,1
Car_1525,2010,2.74,24.69,81968,Petrol,Dealer,Automatic,0
Car_1526,2007,1.2,20.97,139563,Diesel,Dealer,Manual,0
Car_1527,2013,1.12,8.83,139464,Petrol,Individual,Manual,2
Car_1528,2014,0.89,4.08,72804,Diesel,Individual,Automatic,0
Car_1529,2018,1.25,3.77,43400,CNG,Individual,Manual,0
Car_1530,2015,1.29,5.21,33088,Diesel,Individual,Manual,0
Car_1531,2022,9.43,15.57,92893,Petrol,Individual,Manual,3
Car_1532,2016,7.07,23.4,10969,Diesel,Individual,Manual,0
Car_1533,2016,3.18,13.68,13981,Petrol,Individual,Manual,0
Car_1534,2017,6.22,21.47,59091,Petrol,Individual,Manual,1
Car_1535,2017,3.65,12.53,112154,Petrol,Individual,Manual,1
Car_1536,2023,15.11,18.44,29408,Petrol,Individual,Manual,0
Car_1537,2023,18.02,18.97,52940,Diesel,Dealer,Automatic,2
Car_1538,2018,2.27,6.41,8657,Petrol,Individual,Manual,0
Car_1539,2008,0.83,10.63,26230,Diesel,Dealer,Manual,0
Car_1540,2017,5.12,16.84,89731,Petrol,Dealer,Manual,0
Car_1541,2012,0.57,4.09,143939,Petrol,Dealer,Automatic,1
Car_1542,2023,10.1,10.63,9329,Diesel,Individual,Automatic,0
Car_1543,2016,3.42,14.53,40865,Petrol,Individual,Manual,2
Car_1544,2022,17.59,24.92,42869,Petrol,Dealer,Automatic,3
Car_1545,2010,1.61,13.18,125185,Petrol,Dealer,Automatic,0
Car_1546,2022,12.9,20.86,88984,Petrol,Individual,Automatic,3
Car_1547,2023,10.39,12.22,130172,Diesel,Individual,Manual,0
Car_1548,2009,1.63,20.42,106069,Petrol,Individual,Manual,0
Car_1549,2013,2.25,15.9,94711,Petrol,Individual,Manual,1
Car_1550,2007,1.37,22.45,71252,Diesel,Individual,Manual,1
Car_1551,2014,1.86,11.75,84386,CNG,Dealer,Manual,1
Car_1552,2023,12.04,16.1,123728,Petrol,Individual,Manual,0
Car_1553,2007,1.06,16.68,137783,Diesel,Dealer,Automatic,2
Car_1554,2019,5.22,11.89,30801,Petrol,Dealer,Manual,1
Car_1555,2005,0.5,5.75,95709,Petrol,Dealer,Manual,0
Car_1556,2011,0.59,4.61,58270,Petrol,Individual,Automatic,2
Car_1557,2016,0.65,2.88,60535,Diesel,Individual,Manual,3
Car_1558,2021,12.86,22.15,21220,Petrol,Individual,Manual,0
Car_1559,2009,0.59,7.82,18392,CNG,Individual,Manual,1
Car_1560,2008,0.5,7.26,138318,Petrol,Individual,Automatic,2
Car_1561,2016,5.69,19.06,25010,Petrol,Dealer,Automatic,2
Car_1562,2022,7.35,9.7,131951,Diesel,Dealer,Manual,0
Car_1563,2021,8.41,13.89,73358,Petrol,Individual,Automatic,1
Car_1564,2023,4.22,6.16,101190,Petrol,Dealer,Manual,3
Car_1565,2013,3.66,24.09,120795,Petrol,Individual,Manual,0
Car_1566,2008,1.46,21.66,127790,Petrol,Dealer,Manual,1
Car_1567,2006,1.14,21.94,130223,Petrol,Individual,Manual,1
Car_1568,2008,0.74,11.65,80205,Petrol,Individual,Manual,0
Car_1569,2006,1.18,19.65,6082,Petrol,Dealer,Manual,0
Car_1570,2019,2.0,5.74,147220,Petrol,Individual,Manual,1
Car_1571,2006,0.5,2.69,80093,CNG,Dealer,Manual,0
Car_1572,2008,0.5,2.95,56952,Petrol,Individual,Manual,0
Car_1573,2010,1.87,15.7,41719,Petrol,Dealer,Automatic,0
Car_1574,2011,1.42,12.75,53737,CNG,Dealer,Manual,1
Car_1575,2014,2.6,14.16,112271,Diesel,Dealer,Manual,0
Car_1576,2023,1.7,2.67,72839,Petrol,Individual,Manual,1
Car_1577,2023,11.41,12.01,52931,Petrol,Individual,Automatic,1
Car_1578,2016,5.11,18.66,44925,Diesel,Dealer,Manual,0
Car_1579,2007,0.71,12.46,92745,Petrol,Individual,Manual,1
Car_1580,2017,6.09,18.97,131298,Diesel,Dealer,Manual,1
Car_1581,2022,5.15,7.74,98709,CNG,Dealer,Manual,0
Car_1582,2012,2.81,20.8,47287,Diesel,Individual,Manual,2
Car_1583,2019,6.75,15.74,112252,Petrol,Dealer,Manual,0
Car_1584,2005,0.5,7.24,114323,Diesel,Individual,Automatic,0
Car_1585,2007,0.5,7.83,17803,Diesel,Individual,Manual,0
Car_1586,2012,2.66,16.63,123819,Diesel,Dealer,Automatic,0
Car_1587,2008,1.38,21.17,98361,Petrol,Individual,Manual,0
Car_1588,2020,6.25,11.85,18698,Diesel,Individual,Manual,0
Car_1589,2014,1.74,8.31,20376,Diesel,Individual,Manual,0
Car_1590,2016,4.88,22.01,18117,CNG,Dealer,Manual,1
Car_1591,2018,7.19,17.56,53786,Diesel,Individual,Manual,0
Car_1592,2018,4.32,12.58,118005,Petrol,Individual,Automatic,2
Car_1593,2006,0.81,13.48,71480,Diesel,Dealer,Automatic,1
Car_1594,2009,0.6,7.1,137583,Petrol,Dealer,Automatic,1
Car_1595,2009,1.46,16.6,58233,Diesel,Dealer,Manual,1
Car_1596,2010,0.91,10.57,116022,Petrol,Dealer,Manual,1
Car_1597,2017,7.46,24.9,97529,Petrol,Individual,Automatic,1
Car_1598,2013,2.0,13.3,105919,Diesel,Dealer,Manual,1
Car_1599,2019,6.09,13.43,88533,Petrol,Dealer,Automatic,0
Car_1600,2018,6.64,15.23,74407,Diesel,Dealer,Automatic,0
Car_1601,2011,2.86,23.13,78809,Diesel,Individual,Automatic,2
Car_1602,2006,1.08,20.52,22229,Petrol,Individual,Manual,1
Car_1603,2011,1.54,12.65,47176,Petrol,Individual,Automatic,0
Car_1604,2010,1.74,18.67,99825,CNG,Dealer,Manual,0
Car_1605,2021,7.63,15.69,139332,Petrol,Individual,Manual,0
Car_1606,2006,0.74,13.58,102555,Diesel,Dealer,Manual,0
Car_1607,2007,0.5,6.83,8145,Diesel,Individual,Manual,3
Car_1608,2009,0.92,12.94,102289,CNG,Dealer,Manual,0
Car_1609,2009,0.8,8.03,143874,Diesel,Dealer,Automatic,0
Car_1610,2005,1.2,23.08,7263,Diesel,Dealer,Manual,0
Car_1611,2012,1.34,10.05,62788,CNG,Dealer,Manual,0
Car_1612,2016,6.03,23.93,144227,Diesel,Dealer,Manual,0
Car_1613,2008,0.95,14.49,136994,Diesel,Individual,Manual,2
Car_1614,2017,4.94,16.71,50344,Petrol,Individual,Manual,2
Car_1615,2019,5.91,14.72,127819,Petrol,Dealer,Automatic,3
Car_1616,2015,1.08,5.41,78352,Diesel,Individual,Manual,1
Car_1617,2014,2.2,10.96,45324,Diesel,Individual,Automatic,1
Car_1618,2007,0.5,4.73,99075,Petrol,Dealer,Automatic,2
Car_1619,2018,5.25,16.52,82169,Petrol,Dealer,Manual,2
Car_1620,2020,6.18,12.55,28384,Diesel,Dealer,Manual,2
Car_1621,2014,3.49,20.0,8512,Petrol,Individual,Manual,2
Car_1622,2014,1.35,7.46,142138,Petrol,Individual,Automatic,1
Car_1623,2016,1.53,6.2,128775,Petrol,Dealer,Manual,0
Car_1624,2013,1.94,11.64,83743,Diesel,Dealer,Manual,0
Car_1625,2005,1.16,23.35,90642,Petrol,Individual,Automatic,1
Car_1626,2009,1.44,18.48,134587,Petrol,Individual,Automatic,1
Car_1627,2012,1.38,11.93,84858,Petrol,Individual,Manual,2
Car_1628,2015,3.0,14.14,59800,Petrol,Dealer,Automatic,2
Car_1629,2016,1.04,4.39,105364,Diesel,Individual,Manual,1
Car_1630,2005,1.3,24.65,7387,Diesel,Individual,Automatic,0
Car_1631,2015,3.57,17.49,137871,Petrol,Dealer,Manual,0
Car_1632,2009,0.67,8.92,124095,Petrol,Individual,Manual,0
Car_1633,2019,7.41,15.68,40548,Diesel,Dealer,Manual,0
Car_1634,2009,0.5,4.96,95450,Petrol,Dealer,Manual,1
Car_1635,2016,6.41,24.23,110669,Diesel,Individual,Manual,0
Car_1636,2009,0.55,6.43,85171,Petrol,Dealer,Manual,0
Car_1637,2021,8.77,17.08,50414,Petrol,Individual,Manual,0
Car_1638,2021,4.77,8.02,78071,Petrol,Dealer,Manual,1
Car_1639,2016,5.64,18.65,117808,Diesel,Individual,Automatic,0
Car_1640,2019,6.92,19.98,83591,Petrol,Dealer,Manual,2
Car_1641,2019,8.11,17.65,9297,Petrol,Individual,Manual,0
Car_1642,2010,1.89,16.33,114513,Petrol,Dealer,Automatic,0
Car_1643,2016,4.79,22.58,133668,Petrol,Dealer,Manual,1
Car_1644,2022,2.7,4.27,91479,Petrol,Individual,Automatic,3
Car_1645,2018,3.72,9.95,103752,Petrol,Individual,Automatic,1
Car_1646,2006,0.5,8.09,141080,Petrol,Individual,Manual,1
Car_1647,2013,4.17,24.73,120481,Diesel,Individual,Automatic,2
Car_1648,2009,0.91,11.26,72156,Diesel,Individual,Manual,1
Car_1649,2005,0.8,18.98,65263,Petrol,Dealer,Manual,0
Car_1650,2007,0.87,17.91,123996,Petrol,Individual,Manual,1
Car_1651,2010,0.62,7.27,104252,Diesel,Individual,Manual,2
Car_1652,2009,0.59,7.88,123632,Petrol,Individual,Manual,1
Car_1653,2009,0.77,8.83,79855,Petrol,Individual,Automatic,2
Car_1654,2005,0.56,11.75,21575,Diesel,Individual,Manual,0
Car_1655,2021,5.24,7.77,17204,CNG,Individual,Automatic,0
Car_1656,2023,2.74,2.94,16952,Petrol,Individual,Automatic,1
Car_1657,2018,10.42,22.29,88323,Petrol,Dealer,Automatic,0
Car_1658,2016,4.97,24.23,147712,Diesel,Individual,Manual,2
Car_1659,2014,1.71,10.19,31437,Petrol,Dealer,Manual,3
Car_1660,2022,7.52,10.12,132129,Diesel,Dealer,Automatic,2
Car_1661,2015,0.6,2.66,92681,Petrol,Individual,Automatic,3
Car_1662,2006,1.01,17.81,12903,Petrol,Individual,Automatic,0
Car_1663,2022,16.46,21.07,31863,Diesel,Dealer,Automatic,2
Car_1664,2011,0.65,5.8,48381,CNG,Dealer,Manual,0
Car_1665,2019,3.05,6.09,33548,Diesel,Individual,Automatic,0
Car_1666,2015,4.33,20.28,16467,Petrol,Individual,Manual,1
Car_1667,2022,11.54,16.37,62954,Diesel,Dealer,Manual,0
Car_1668,2016,1.0,3.51,28901,Diesel,Dealer,Manual,2
Car_1669,2010,2.22,16.51,28301,Diesel,Individual,Automatic,0
Car_1670,2017,3.2,9.45,129686,Diesel,Individual,Automatic,2
Car_1671,2020,5.43,10.8,90180,Petrol,Dealer,Manual,0
Car_1672,2022,12.63,19.82,74903,Petrol,Dealer,Manual,2
Car_1673,2014,3.84,20.75,108955,CNG,Dealer,Automatic,1
Car_1674,2012,1.46,11.51,24755,CNG,Individual,Manual,1
Car_1675,2022,17.1,23.81,64817,Petrol,Individual,Manual,0
Car_1676,2005,0.54,11.65,7093,Petrol,Dealer,Manual,1
Car_1677,2012,2.36,19.87,101319,CNG,Individual,Manual,0
Car_1678,2010,1.59,13.39,27940,Petrol,Dealer,Automatic,1
Car_1679,2009,1.85,22.69,133714,Diesel,Dealer,Manual,1
Car_1680,2019,8.57,22.92,96544,Petrol,Individual,Manual,0
Car_1681,2019,1.89,4.47,89437,Diesel,Individual,Manual,0
Car_1682,2006,1.15,23.57,97969,Petrol,Individual,Manual,0
Car_1683,2005,0.73,21.07,112001,Petrol,Individual,Manual,2
Car_1684,2015,4.66,20.3,92725,Petrol,Dealer,Automatic,1
Car_1685,2014,1.19,7.02,120784,CNG,Individual,Automatic,2
Car_1686,2022,16.07,20.62,115675,Diesel,Individual,Automatic,1
Car_1687,2022,15.83,21.63,99266,Diesel,Dealer,Automatic,3
Car_1688,2021,5.32,9.01,14236,Petrol,Individual,Manual,0
Car_1689,2012,2.84,23.93,77597,CNG,Individual,Manual,0
Car_1690,2019,1.47,3.62,139974,Diesel,Individual,Manual,1
Car_1691,2012,0.73,5.87,104656,Diesel,Individual,Manual,1
Car_1692,2021,6.98,14.6,39364,CNG,Individual,Manual,1
Car_1693,2016,4.03,15.46,112071,Petrol,Dealer,Manual,0
Car_1694,2012,2.34,17.02,99410,Diesel,Individual,Manual,0
Car_1695,2018,0.91,2.88,148092,CNG,Individual,Manual,0
Car_1696,2008,1.71,24.11,63473,Diesel,Dealer,Manual,1
Car_1697,2005,0.5,3.5,49153,Diesel,Individual,Manual,1
Car_1698,2005,0.5,5.72,43502,Petrol,Individual,Manual,0
Car_1699,2023,2.62,2.82,20675,Diesel,Dealer,Manual,1
Car_1700,2020,7.05,15.25,123384,Diesel,Individual,Manual,0
Car_1701,2018,7.09,23.48,83229,Petrol,Individual,Manual,1
Car_1702,2020,9.93,17.48,94049,Diesel,Individual,Automatic,1
Car_1703,2009,1.64,21.01,94157,Petrol,Individual,Manual,0
Car_1704,2013,0.5,2.8,110711,Petrol,Dealer,Manual,0
Car_1705,2006,0.72,14.7,115090,Diesel,Individual,Manual,0
Car_1706,2022,7.59,12.84,98321,Petrol,Dealer,Manual,3
Car_1707,2010,1.38,13.73,31465,Petrol,Individual,Manual,1
Car_1708,2013,0.7,4.12,37286,Petrol,Individual,Manual,0
Car_1709,2005,0.78,17.9,59795,Petrol,Dealer,Manual,0
Car_1710,2013,1.72,13.82,113139,Petrol,Dealer,Manual,3
Car_1711,2020,9.15,19.72,108845,Petrol,Dealer,Manual,1
Car_1712,2017,4.45,13.42,54986,Petrol,Dealer,Manual,0
Car_1713,2013,0.87,5.86,80396,Petrol,Dealer,Manual,0
Car_1714,2017,6.26,17.09,60178,Diesel,Individual,Automatic,1
Car_1715,2013,1.06,6.38,15745,CNG,Individual,Manual,0
Car_1716,2015,5.23,22.13,84637,Diesel,Individual,Manual,0
Car_1717,2008,0.88,16.3,141100,Diesel,Individual,Manual,3
Car_1718,2006,0.5,6.04,53566,Petrol,Individual,Manual,2
Car_1719,2010,2.33,24.15,48722,Diesel,Dealer,Manual,2
Car_1720,2018,5.2,14.16,91623,Diesel,Individual,Manual,0
Car_1721,2008,0.5,4.14,116074,Petrol,Individual,Manual,0
Car_1722,2010,1.71,16.6,79974,Petrol,Dealer,Manual,0
Car_1723,2023,5.63,8.2,89084,Petrol,Individual,Manual,2
Car_1724,2010,1.93,20.58,122353,Diesel,Individual,Manual,1
Car_1725,2006,0.85,20.9,109417,Petrol,Individual,Manual,2
Car_1726,2022,15.4,24.53,73099,Diesel,Individual,Manual,2
Car_1727,2017,3.75,13.79,144570,Petrol,Individual,Manual,1
Car_1728,2013,2.22,12.74,30107,Petrol,Dealer,Manual,0
Car_1729,2023,16.61,19.45,138768,Diesel,Dealer,Manual,0
Car_1730,2017,1.69,5.48,58839,Diesel,Individual,Manual,0
Car_1731,2015,3.74,14.81,94241,Petrol,Dealer,Automatic,0
Car_1732,2005,0.75,14.79,28397,Diesel,Dealer,Manual,0
Car_1733,2011,0.6,4.51,12704,Petrol,Individual,Automatic,1
Car_1734,2019,5.87,11.9,21442,Diesel,Individual,Manual,0
Car_1735,2005,0.92,21.7,134576,Diesel,Dealer,Manual,1
Car_1736,2016,6.44,21.76,14765,Diesel,Dealer,Manual,2
Car_1737,2011,0.52,4.73,120828,Petrol,Individual,Automatic,0
Car_1738,2019,2.25,4.54,15002,Petrol,Individual,Automatic,0
Car_1739,2023,7.99,8.41,16390,Diesel,Dealer,Manual,0
Car_1740,2005,0.96,22.18,11641,Petrol,Individual,Manual,0
Car_1741,2021,3.13,5.4,116119,Diesel,Individual,Manual,1
Car_1742,2021,13.34,18.7,20624,Diesel,Individual,Automatic,1
Car_1743,2007,0.5,4.78,14966,Petrol,Dealer,Manual,1
Car_1744,2016,4.46,16.52,76301,Diesel,Individual,Manual,0
Car_1745,2010,0.94,10.51,120123,Petrol,Individual,Manual,0
Car_1746,2015,4.1,20.25,83183,CNG,Individual,Manual,1
Car_1747,2007,0.54,7.76,9959,Diesel,Dealer,Manual,0
Car_1748,2012,2.58,16.88,55802,Diesel,Individual,Manual,0
Car_1749,2018,2.34,7.8,129125,Petrol,Individual,Manual,2
Car_1750,2018,5.91,18.56,128795,CNG,Individual,Manual,0
Car_1751,2014,4.23,22.16,32215,Diesel,Dealer,Manual,2
Car_1752,2006,0.5,5.35,60046,Petrol,Individual,Manual,0
Car_1753,2018,7.33,22.0,99593,Petrol,Individual,Manual,0
Car_1754,2013,2.39,15.86,84036,Petrol,Individual,Automatic,1
Car_1755,2007,0.5,5.36,114864,CNG,Dealer,Manual,2
Car_1756,2012,1.79,12.12,125333,Diesel,Dealer,Manual,2
Car_1757,2020,3.34,6.12,21772,CNG,Dealer,Automatic,0
Car_1758,2006,1.09,18.26,56943,Diesel,Dealer,Automatic,2
Car_1759,2010,2.27,19.57,73868,Petrol,Individual,Automatic,0
Car_1760,2016,1.35,4.88,54855,Petrol,Dealer,Manual,0
Car_1761,2009,1.13,13.89,106124,Petrol,Dealer,Manual,0
Car_1762,2006,1.05,20.83,62205,Petrol,Dealer,Manual,0
Car_1763,2020,11.62,23.56,141031,Diesel,Individual,Manual,1
Car_1764,2009,1.16,14.05,30874,CNG,Individual,Manual,0
Car_1765,2019,8.12,23.88,136007,CNG,Individual,Manual,2
Car_1766,2016,3.99,14.55,6301,Petrol,Individual,Manual,1
Car_1767,2008,0.75,11.37,63017,Diesel,Dealer,Manual,2
Car_1768,2019,9.19,21.58,48319,Diesel,Individual,Manual,1
Car_1769,2015,3.1,13.59,27455,Petrol,Dealer,Manual,1
Car_1770,2020,6.36,13.12,140184,Diesel,Dealer,Manual,0
Car_1771,2010,1.2,13.53,62033,Petrol,Individual,Manual,1
Car_1772,2018,5.83,21.55,111924,CNG,Individual,Manual,3
Car_1773,2022,18.82,21.22,37735,Diesel,Dealer,Automatic,1
Car_1774,2016,3.59,11.58,77781,Diesel,Dealer,Manual,0
Car_1775,2015,2.23,10.0,131031,Petrol,Individual,Automatic,0
Car_1776,2017,3.06,13.57,133305,Petrol,Individual,Manual,3
Car_1777,2015,3.49,15.39,113049,Petrol,Individual,Manual,0
Car_1778,2020,3.9,7.86,10630,Diesel,Individual,Manual,2
Car_1779,2019,6.99,20.36,70488,CNG,Individual,Manual,0
Car_1780,2019,5.5,13.45,139278,Petrol,Dealer,Manual,0
Car_1781,2008,0.71,10.02,61289,Diesel,Dealer,Manual,1
Car_1782,2015,1.14,4.9,23953,Petrol,Dealer,Manual,0
Car_1783,2023,5.56,7.87,105932,Petrol,Individual,Manual,0
Car_1784,2019,10.82,23.86,146140,Diesel,Dealer,Manual,0
Car_1785,2008,0.67,9.36,83930,Diesel,Individual,Manual,1
Car_1786,2017,1.88,6.3,6067,Petrol,Individual,Manual,0
Car_1787,2023,12.22,12.87,55658,Petrol,Dealer,Automatic,0
Car_1788,2006,0.53,9.41,57165,Petrol,Dealer,Automatic,2
Car_1789,2018,1.29,3.29,85781,Petrol,Individual,Automatic,0
Car_1790,2008,0.65,9.77,145931,CNG,Dealer,Manual,0
Car_1791,2020,9.23,14.74,34164,Diesel,Individual,Automatic,1
Car_1792,2018,5.34,14.91,109946,Petrol,Individual,Automatic,1
Car_1793,2019,4.2,10.52,132580,Petrol,Dealer,Manual,0
Car_1794,2007,0.55,12.56,104251,CNG,Individual,Manual,2
Car_1795,2012,3.81,24.22,25773,Diesel,Dealer,Automatic,1
Car_1796,2020,6.55,10.99,38939,Diesel,Individual,Automatic,0
Car_1797,2014,1.35,8.31,142186,Petrol,Dealer,Manual,1
Car_1798,2008,0.61,7.98,103475,Diesel,Individual,Manual,0
Car_1799,2022,9.73,12.8,17818,Petrol,Individual,Automatic,0
Car_1800,2006,1.01,19.59,14335,Diesel,Individual,Manual,2
Car_1801,2021,3.83,7.13,60008,CNG,Individual,Manual,0
Car_1802,2017,5.73,18.46,76745,Petrol,Dealer,Automatic,2
Car_1803,2008,0.5,2.98,8577,Petrol,Individual,Automatic,0
Car_1804,2015,2.88,11.93,78916,Petrol,Individual,Automatic,0
Car_1805,2011,2.01,19.96,140148,Petrol,Individual,Manual,0
Car_1806,2016,2.79,10.12,64314,Petrol,Individual,Manual,0
Car_1807,2014,2.88,15.18,46205,CNG,Dealer,Automatic,1
Car_1808,2011,0.72,7.11,147167,Petrol,Individual,Manual,1
Car_1809,2017,6.22,19.19,118583,Diesel,Individual,Automatic,1
Car_1810,2011,0.5,3.68,89715,Diesel,Individual,Manual,1
Car_1811,2021,10.74,21.68,61680,CNG,Individual,Manual,1
Car_1812,2014,1.51,6.96,33400,Diesel,Dealer,Manual,2
Car_1813,2014,3.6,22.17,112345,Petrol,Individual,Manual,0
Car_1814,2008,0.64,10.43,92110,Petrol,Dealer,Manual,2
Car_1815,2008,1.29,18.76,125120,Petrol,Individual,Manual,0
Car_1816,2011,1.11,9.68,33562,Diesel,Individual,Manual,1
Car_1817,2005,0.93,22.88,23510,Petrol,Dealer,Manual,2
Car_1818,2016,1.58,5.35,66608,Petrol,Individual,Automatic,0
Car_1819,2017,1.94,6.52,57182,Petrol,Dealer,Manual,1
Car_1820,2014,2.44,13.59,31883,Diesel,Individual,Manual,3
Car_1821,2019,1.87,4.34,16094,Petrol,Individual,Manual,0
Car_1822,2017,1.72,6.91,138479,Petrol,Individual,Manual,2
Car_1823,2013,3.88,23.73,17644,Petrol,Individual,Manual,0
Car_1824,2013,3.66,24.47,90834,Diesel,Individual,Manual,1
Car_1825,2019,3.99,10.97,113982,Diesel,Dealer,Manual,2
Car_1826,2014,4.73,23.27,57748,Petrol,Individual,Manual,0
Car_1827,2014,2.96,14.76,64021,Diesel,Dealer,Manual,0
Car_1828,2012,1.26,8.57,67651,Petrol,Individual,Automatic,0
Car_1829,2020,10.63,18.3,41807,Petrol,Individual,Automatic,0
Car_1830,2021,9.75,17.33,33669,Petrol,Individual,Manual,0
Car_1831,2009,1.98,24.76,143354,Diesel,Dealer,Manual,2
Car_1832,2008,0.72,8.46,31539,Diesel,Dealer,Automatic,2
Car_1833,2022,10.78,17.62,139379,Petrol,Dealer,Manual,1
Car_1834,2023,3.03,3.67,22745,Diesel,Dealer,Manual,2
Car_1835,2008,0.5,5.06,39555,Petrol,Dealer,Manual,1
Car_1836,2011,0.5,2.59,137145,CNG,Individual,Automatic,1
Car_1837,2014,5.9,24.99,37683,Diesel,Dealer,Automatic,1
Car_1838,2022,14.29,20.55,30741,Diesel,Individual,Manual,1
Car_1839,2023,18.87,20.2,8599,Diesel,Individual,Manual,0
Car_1840,2008,1.03,13.97,133513,CNG,Individual,Automatic,0
Car_1841,2014,1.53,9.25,32293,CNG,Dealer,Manual,2
Car_1842,2005,0.5,5.9,20389,Diesel,Individual,Manual,0
Car_1843,2022,6.32,8.91,17318,Petrol,Dealer,Manual,0
Car_1844,2009,1.08,10.96,8055,Petrol,Dealer,Automatic,1
Car_1845,2019,6.3,19.52,126164,Petrol,Individual,Manual,3
Car_1846,2021,9.17,14.64,87579,Diesel,Individual,Automatic,1
Car_1847,2007,0.5,4.24,142392,Petrol,Dealer,Manual,0
Car_1848,2016,0.66,2.91,109817,CNG,Dealer,Manual,1
Car_1849,2006,0.5,4.8,9642,Petrol,Dealer,Manual,2
Car_1850,2005,0.61,11.74,14321,Diesel,Individual,Automatic,1
Car_1851,2021,13.81,23.5,84968,Petrol,Individual,Manual,0
Car_1852,2020,7.71,16.84,107770,Diesel,Dealer,Manual,1
Car_1853,2009,1.53,20.54,114762,Petrol,Dealer,Manual,0
Car_1854,2019,4.99,12.99,119183,Diesel,Individual,Manual,2
Car_1855,2007,0.72,10.64,122159,Petrol,Dealer,Automatic,1
Car_1856,2011,0.55,4.94,30727,Petrol,Individual,Manual,1
Car_1857,2015,5.14,22.21,78820,Diesel,Dealer,Manual,1
Car_1858,2014,2.83,20.12,114062,Petrol,Individual,Manual,3
Car_1859,2013,0.91,6.28,32476,Petrol,Individual,Manual,0
Car_1860,2018,4.94,14.03,147063,Petrol,Individual,Automatic,0
Car_1861,2017,4.42,13.47,125355,Diesel,Dealer,Manual,0
Car_1862,2006,0.76,16.56,75047,Petrol,Dealer,Manual,1
Car_1863,2007,1.32,23.79,146868,Diesel,Dealer,Manual,1
Car_1864,2011,1.63,15.54,8881,Petrol,Individual,Manual,1
Car_1865,2022,9.4,14.65,20668,Petrol,Individual,Manual,1
Car_1866,2007,0.5,3.63,33106,Diesel,Individual,Manual,0
Car_1867,2014,0.88,3.92,20729,Petrol,Dealer,Automatic,0
Car_1868,2011,0.79,6.72,134354,Diesel,Individual,Manual,0
Car_1869,2013,0.5,3.23,75320,Petrol,Dealer,Manual,1
Car_1870,2021,10.71,19.23,59913,Petrol,Individual,Manual,2
Car_1871,2015,4.25,18.77,64402,Diesel,Individual,Manual,1
Car_1872,2011,0.65,5.56,126649,Diesel,Dealer,Manual,0
Car_1873,2018,8.06,21.31,108930,Diesel,Dealer,Manual,0
Car_1874,2023,4.5,5.98,64739,Diesel,Dealer,Manual,2
Car_1875,2008,0.66,9.28,9507,Petrol,Individual,Manual,0
Car_1876,2010,0.92,8.1,107552,Petrol,Individual,Automatic,0
Car_1877,2014,2.0,10.88,84059,Petrol,Individual,Manual,0
Car_1878,2011,0.9,8.23,140064,Diesel,Individual,Automatic,1
Car_1879,2017,4.01,13.5,135514,Diesel,Individual,Manual,0
Car_1880,2018,4.03,11.67,92680,Petrol,Individual,Manual,0
Car_1881,2008,1.75,24.7,30530,Petrol,Individual,Manual,1
Car_1882,2012,0.54,3.76,20305,Petrol,Dealer,Manual,0
Car_1883,2009,0.5,5.7,114097,CNG,Dealer,Manual,0
Car_1884,2005,0.5,3.69,57044,Diesel,Individual,Manual,1
Car_1885,2008,0.95,16.58,135436,Petrol,Individual,Manual,2
Car_1886,2007,0.5,3.73,94363,Petrol,Individual,Manual,0
Car_1887,2013,3.65,21.32,63817,Petrol,Dealer,Manual,0
Car_1888,2012,2.1,14.02,108038,Diesel,Dealer,Manual,0
Car_1889,2005,0.6,14.36,51666,Diesel,Dealer,Manual,1
Car_1890,2010,1.45,15.14,23909,Petrol,Dealer,Manual,2
Car_1891,2013,1.07,6.34,149057,Diesel,Individual,Automatic,0
Car_1892,2011,1.03,6.95,27525,Diesel,Individual,Automatic,0
Car_1893,2008,0.66,9.67,117293,Petrol,Individual,Manual,0
Car_1894,2017,5.06,15.85,106046,Diesel,Individual,Manual,0
Car_1895,2021,4.4,7.23,42403,Petrol,Individual,Manual,0
Car_1896,2006,0.5,5.12,139902,CNG,Dealer,Automatic,2
Car_1897,2009,1.96,24.33,136605,Petrol,Individual,Automatic,1
Car_1898,2016,0.82,2.99,28504,Petrol,Individual,Manual,0
Car_1899,2012,3.05,20.56,115551,Diesel,Dealer,Automatic,2
Car_1900,2010,1.95,20.23,60715,Diesel,Individual,Manual,0
Car_1901,2012,1.5,9.19,41855,Petrol,Individual,Automatic,0
Car_1902,2022,3.08,5.55,46721,CNG,Dealer,Manual,2
Car_1903,2007,0.5,5.78,116597,Petrol,Dealer,Manual,0
Car_1904,2016,4.87,18.19,105659,Petrol,Dealer,Automatic,2
Car_1905,2007,1.17,16.96,39723,Diesel,Dealer,Manual,1
Car_1906,2010,2.07,20.11,10539,Petrol,Dealer,Automatic,3
Car_1907,2006,0.95,23.59,121360,Petrol,Individual,Manual,1
Car_1908,2016,4.79,18.07,106140,Diesel,Individual,Manual,0
Car_1909,2006,0.5,6.01,74180,Petrol,Individual,Automatic,2
Car_1910,2010,0.7,7.98,121985,CNG,Individual,Manual,0
Car_1911,2021,11.08,21.45,90981,Petrol,Individual,Manual,1
Car_1912,2007,0.5,7.21,40934,Diesel,Individual,Manual,1
Car_1913,2006,0.5,4.13,145583,Petrol,Individual,Automatic,1
Car_1914,2012,2.37,18.32,136255,Petrol,Individual,Automatic,1
Car_1915,2016,3.22,11.56,14475,Diesel,Dealer,Manual,2
Car_1916,2008,1.52,23.2,64577,Diesel,Dealer,Manual,2
Car_1917,2009,1.45,17.13,31008,Diesel,Individual,Manual,2
Car_1918,2017,1.4,4.53,47756,Petrol,Individual,Manual,0
Car_1919,2019,10.14,23.83,85730,Diesel,Individual,Automatic,2
Car_1920,2020,3.69,8.32,87702,Petrol,Individual,Manual,1
Car_1921,2014,1.93,10.09,51840,Diesel,Individual,Manual,2
Car_1922,2020,5.61,11.55,43623,Diesel,Dealer,Manual,3
Car_1923,2016,1.03,3.65,68303,Petrol,Individual,Automatic,0
Car_1924,2021,8.27,13.67,51062,Diesel,Individual,Manual,0
Car_1925,2020,2.95,5.27,61690,Petrol,Dealer,Automatic,2
Car_1926,2016,3.11,11.52,103980,Diesel,Dealer,Manual,0
Car_1927,2012,1.59,10.39,140162,Diesel,Dealer,Automatic,1
Car_1928,2007,1.05,19.89,50266,Petrol,Individual,Manual,2
Car_1929,2020,8.37,20.57,92643,CNG,Dealer,Manual,0
Car_1930,2017,1.56,5.95,63704,Petrol,Individual,Manual,2
Car_1931,2023,6.96,10.75,122374,CNG,Dealer,Manual,3
Car_1932,2012,1.69,10.9,13382,Petrol,Individual,Manual,0
Car_1933,2009,0.5,5.91,94609,CNG,Individual,Automatic,1
Car_1934,2012,2.95,20.47,51698,Petrol,Dealer,Manual,0
Car_1935,2016,6.39,18.41,6110,Petrol,Dealer,Automatic,1
Car_1936,2005,0.5,6.78,120266,CNG,Individual,Manual,0
Car_1937,2010,0.81,10.75,136458,Petrol,Individual,Manual,2
Car_1938,2022,3.98,4.88,52801,Petrol,Dealer,Automatic,0
Car_1939,2012,2.49,16.63,119012,Diesel,Individual,Automatic,1
Car_1940,2011,0.62,5.23,101085,Diesel,Individual,Manual,1
Car_1941,2005,1.16,24.68,36566,Diesel,Dealer,Manual,0
Car_1942,2020,11.48,20.07,28798,Petrol,Dealer,Automatic,2
Car_1943,2016,2.86,11.28,149637,Diesel,Individual,Automatic,3
Car_1944,2010,1.67,15.52,28027,Petrol,Individual,Automatic,1
Car_1945,2006,1.43,23.01,10631,CNG,Dealer,Automatic,1
Car_1946,2018,5.19,14.97,61878,Diesel,Individual,Manual,1
Car_1947,2008,0.54,6.43,50206,Diesel,Individual,Automatic,1
Car_1948,2005,0.5,11.02,108473,Petrol,Dealer,Manual,0
Car_1949,2022,15.19,21.47,63334,Diesel,Individual,Manual,1
Car_1950,2017,5.73,16.99,77323,Diesel,Dealer,Manual,1
Car_1951,2006,0.83,17.14,58619,Diesel,Individual,Manual,1
Car_1952,2013,3.31,22.0,108536,Petrol,Individual,Manual,0
Car_1953,2006,1.24,22.61,140360,Diesel,Individual,Manual,0
Car_1954,2013,4.09,23.2,11734,Diesel,Individual,Manual,1
Car_1955,2005,0.5,4.63,44008,Petrol,Dealer,Manual,0
Car_1956,2015,3.1,14.74,54349,Petrol,Individual,Manual,0
Car_1957,2007,1.06,19.16,143886,Petrol,Individual,Manual,0
Car_1958,2008,1.21,19.53,143923,Petrol,Dealer,Manual,1
Car_1959,2022,9.86,16.15,129478,Petrol,Individual,Automatic,3
Car_1960,2010,0.5,6.25,137672,Petrol,Dealer,Manual,2
Car_1961,2007,1.44,20.44,61614,Diesel,Individual,Manual,0
Car_1962,2015,5.7,18.7,8692,Diesel,Dealer,Automatic,0
Car_1963,2019,1.54,4.44,131745,Petrol,Individual,Manual,2
Car_1964,2009,1.03,12.94,25373,Diesel,Dealer,Manual,2
Car_1965,2014,1.03,6.41,117413,CNG,Dealer,Manual,0
Car_1966,2016,2.92,10.09,19507,Petrol,Dealer,Automatic,2
Car_1967,2019,1.38,2.91,67931,Petrol,Individual,Automatic,0
Car_1968,2021,7.22,11.51,80499,Diesel,Individual,Manual,1
Car_1969,2014,3.22,14.87,119362,Diesel,Individual,Automatic,0
Car_1970,2010,1.68,16.44,102449,Diesel,Individual,Automatic,3
Car_1971,2022,11.71,17.43,101819,Diesel,Individual,Manual,1
Car_1972,2017,6.81,21.32,44423,Petrol,Individual,Manual,0
Car_1973,2007,0.5,7.35,108612,Diesel,Individual,Automatic,1
Car_1974,2014,0.92,5.21,91120,Petrol,Dealer,Manual,0
Car_1975,2018,7.5,21.66,122409,Petrol,Individual,Manual,0
Car_1976,2010,0.6,6.02,95918,Petrol,Individual,Manual,0
Car_1977,2007,1.31,24.43,71600,Petrol,Dealer,Manual,1
Car_1978,2020,11.54,21.46,46848,Diesel,Individual,Manual,0
Car_1979,2011,1.56,13.77,11820,Diesel,Individual,Manual,1
Car_1980,2018,8.11,24.58,13512,CNG,Dealer,Manual,1
Car_1981,2013,0.77,4.69,56534,Petrol,Dealer,Automatic,1
Car_1982,2019,3.45,9.32,130191,CNG,Dealer,Manual,0
Car_1983,2007,1.12,16.86,65945,Diesel,Dealer,Manual,0
Car_1984,2006,0.61,10.38,88420,Petrol,Dealer,Automatic,0
Car_1985,2006,1.47,23.39,88488,Diesel,Dealer,Automatic,0
Car_1986,2007,0.5,3.98,14711,Diesel,Dealer,Manual,1
Car_1987,2022,9.54,14.86,91009,Petrol,Individual,Manual,2
Car_1988,2018,6.25,15.79,14597,Diesel,Dealer,Manual,0
Car_1989,2022,13.12,17.19,65067,Diesel,Individual,Automatic,1
Car_1990,2014,1.76,8.25,53022,Diesel,Dealer,Manual,0
Car_1991,2006,0.57,10.7,117673,Diesel,Dealer,Manual,0
Car_1992,2005,0.99,21.48,56782,Petrol,Individual,Automatic,1
Car_1993,2008,0.5,6.89,115716,Diesel,Individual,Manual,1
Car_1994,2018,7.62,21.1,123030,Diesel,Individual,Automatic,2
Car_1995,2005,0.59,15.16,77036,Petrol,Individual,Manual,1
Car_1996,2018,7.19,19.65,40342,Petrol,Individual,Manual,0
Car_1997,2020,9.06,18.56,90745,Diesel,Dealer,Manual,1
Car_1998,2018,2.5,7.17,62396,Petrol,Dealer,Manual,2
Car_1999,2007,0.94,15.3,119836,Diesel,Individual,Automatic,1
Car_2000,2007,1.2,22.02,111998,CNG,Individual,Automatic,3
Car_2001,2013,2.24,12.22,55021,Petrol,Dealer,Automatic,0
Car_2002,2010,2.08,24.25,135672,Petrol,Individual,Manual,2
Car_2003,2017,3.6,12.67,123559,Petrol,Dealer,Manual,0
Car_2004,2006,0.5,5.71,71836,Diesel,Dealer,Manual,1
Car_2005,2012,1.26,11.26,82017,CNG,Individual,Manual,1
Car_2006,2006,1.3,23.91,107689,Diesel,Dealer,Manual,0
Car_2007,2008,0.66,9.69,85291,Petrol,Individual,Automatic,3
Car_2008,2019,9.39,22.03,95450,Diesel,Individual,Manual,0
Car_2009,2008,1.6,22.33,61006,Diesel,Dealer,Manual,0
Car_2010,2017,2.97,10.38,109268,Petrol,Individual,Automatic,2
Car_2011,2016,1.19,4.37,55138,Diesel,Individual,Manual,0
Car_2012,2017,6.41,18.8,67398,Petrol,Dealer,Manual,0
Car_2013,2018,3.44,9.51,62228,Diesel,Individual,Manual,1
Car_2014,2022,14.93,20.12,67670,Petrol,Individual,Automatic,1
Car_2015,2010,0.99,12.46,130613,Petrol,Dealer,Manual,3
Car_2016,2015,2.88,13.42,107071,Diesel,Individual,Manual,1
Car_2017,2006,1.04,20.0,115572,Diesel,Dealer,Automatic,2
Car_2018,2023,8.48,11.1,143997,Petrol,Dealer,Automatic,2
Car_2019,2023,10.92,12.47,8107,CNG,Individual,Automatic,1
Car_2020,2009,0.98,10.96,91388,Diesel,Dealer,Manual,0
Car_2021,2023,8.94,10.77,100719,Petrol,Individual,Automatic,1
Car_2022,2006,0.73,14.33,123018,Diesel,Individual,Manual,0
Car_2023,2014,4.62,20.7,32617,Diesel,Dealer,Manual,0
Car_2024,2006,0.52,10.64,79258,Diesel,Individual,Manual,1
Car_2025,2015,3.07,14.3,55075,Petrol,Individual,Automatic,3
Car_2026,2022,10.63,17.59,131998,Diesel,Individual,Manual,0
Car_2027,2019,3.85,8.56,27631,Diesel,Dealer,Manual,0
Car_2028,2013,1.43,8.74,128120,Diesel,Dealer,Manual,0
Car_2029,2023,16.94,23.5,102158,Petrol,Individual,Manual,0
Car_2030,2013,3.05,18.78,143955,Diesel,Individual,Manual,0
Car_2031,2007,0.88,15.49,51221,Petrol,Dealer,Manual,1
Car_2032,2013,3.13,17.07,110922,Diesel,Individual,Automatic,0
Car_2033,2018,1.1,3.16,38550,CNG,Individual,Manual,0
Car_2034,2023,15.22,16.41,19642,Petrol,Dealer,Automatic,2
Car_2035,2011,1.39,13.96,111093,Petrol,Individual,Manual,1
Car_2036,2020,7.73,14.78,98885,Diesel,Dealer,Manual,0
Car_2037,2020,5.58,10.59,84538,Diesel,Dealer,Manual,1
Car_2038,2005,0.5,4.33,67014,Petrol,Dealer,Automatic,0
Car_2039,2008,0.51,6.85,24523,Diesel,Dealer,Manual,3
Car_2040,2008,1.85,23.89,115285,Diesel,Dealer,Manual,0
Car_2041,2011,1.26,11.7,110879,Diesel,Individual,Manual,2
Car_2042,2012,1.9,13.0,95629,Diesel,Individual,Automatic,2
Car_2043,2021,2.09,3.69,81830,Petrol,Dealer,Manual,1
Car_2044,2009,0.5,3.35,50538,CNG,Individual,Manual,0
Car_2045,2011,2.27,18.64,52310,Petrol,Individual,Automatic,2
Car_2046,2008,1.1,14.61,146980,Petrol,Dealer,Automatic,0
Car_2047,2010,1.37,13.95,120266,Petrol,Dealer,Manual,0
Car_2048,2011,1.11,7.97,17699,Diesel,Dealer,Manual,0
Car_2049,2022,14.24,19.26,71912,Diesel,Dealer,Manual,1
Car_2050,2009,0.56,6.29,84183,Petrol,Individual,Automatic,0
Car_2051,2007,0.5,6.77,65282,Diesel,Individual,Manual,3
Car_2052,2011,1.91,12.87,63249,Diesel,Individual,Automatic,0
Car_2053,2018,3.3,8.94,43176,Diesel,Individual,Automatic,2
Car_2054,2011,1.27,8.07,13163,Diesel,Dealer,Automatic,0
Car_2055,2009,1.67,17.02,59210,Petrol,Individual,Automatic,0
Car_2056,2009,1.4,17.15,128844,Petrol,Dealer,Manual,0
Car_2057,2006,1.07,21.05,109587,Diesel,Dealer,Manual,3
Car_2058,2010,1.04,11.9,76979,Petrol,Individual,Manual,0
Car_2059,2019,1.58,4.14,83860,Petrol,Dealer,Manual,1
Car_2060,2014,1.93,8.66,9920,Diesel,Dealer,Manual,0
Car_2061,2011,2.75,24.55,87911,Diesel,Individual,Manual,2
Car_2062,2009,1.66,15.92,42996,Diesel,Individual,Automatic,0
Car_2063,2005,0.92,18.47,147820,Petrol,Dealer,Automatic,0
Car_2064,2017,0.75,2.67,99071,Petrol,Dealer,Manual,1
Car_2065,2022,10.33,14.16,52252,Diesel,Individual,Manual,0
Car_2066,2017,0.97,3.34,127734,Petrol,Individual,Manual,0
Car_2067,2022,11.25,15.31,142522,Petrol,Dealer,Automatic,0
Car_2068,2009,1.9,23.22,57756,Petrol,Individual,Manual,1
Car_2069,2017,9.45,24.29,55235,Diesel,Individual,Automatic,0
Car_2070,2008,1.11,14.66,95546,Petrol,Individual,Automatic,0
Car_2071,2021,7.54,12.81,136092,Petrol,Individual,Automatic,1
Car_2072,2007,1.46,23.76,130802,Petrol,Individual,Automatic,0
Car_2073,2021,10.54,17.66,113421,Petrol,Dealer,Automatic,1
Car_2074,2015,0.88,3.96,145736,Petrol,Dealer,Automatic,1
Car_2075,2008,0.86,12.98,71635,Diesel,Individual,Manual,2
Car_2076,2006,0.5,7.91,28225,Diesel,Individual,Manual,0
Car_2077,2020,6.58,13.07,111885,Petrol,Individual,Automatic,1
Car_2078,2022,7.64,12.75,90333,Petrol,Individual,Manual,0
Car_2079,2012,2.29,15.6,15807,Petrol,Individual,Manual,0
Car_2080,2007,0.69,10.53,11402,Petrol,Dealer,Automatic,1
Car_2081,2013,1.19,6.2,9521,Petrol,Individual,Automatic,0
Car_2082,2010,1.21,13.83,119693,Petrol,Individual,Manual,0
Car_2083,2014,3.94,21.18,13382,Petrol,Individual,Manual,1
Car_2084,2014,2.76,17.44,115996,CNG,Individual,Manual,0
Car_2085,2017,3.23,10.11,20065,Petrol,Individual,Manual,0
Car_2086,2021,14.99,23.55,90470,CNG,Dealer,Automatic,0
Car_2087,2013,3.97,23.02,19425,Petrol,Individual,Manual,0
Car_2088,2021,5.19,7.21,18111,Petrol,Individual,Automatic,0
Car_2089,2013,0.58,3.39,58257,Diesel,Individual,Manual,0
Car_2090,2013,2.93,19.18,128990,Petrol,Individual,Manual,0
Car_2091,2005,0.93,21.12,132813,Petrol,Dealer,Automatic,1
Car_2092,2006,1.19,24.28,86046,CNG,Individual,Manual,0
Car_2093,2020,11.2,22.52,42851,Diesel,Individual,Manual,1
Car_2094,2005,0.72,16.01,13816,Petrol,Dealer,Automatic,3
Car_2095,2014,2.95,14.43,7175,Petrol,Individual,Automatic,0
Car_2096,2022,1.98,3.13,16341,CNG,Individual,Manual,0
Car_2097,2012,1.13,8.05,68908,Diesel,Dealer,Manual,1
Car_2098,2015,2.88,12.84,64696,Petrol,Dealer,Manual,0
Car_2099,2006,0.96,16.64,88115,Petrol,Individual,Automatic,1
Car_2100,2012,2.77,15.04,35194,Diesel,Dealer,Automatic,0
Car_2101,2012,2.61,19.21,89358,Petrol,Individual,Manual,0
Car_2102,2021,4.82,8.79,107548,Petrol,Individual,Manual,0
Car_2103,2019,8.16,15.21,39579,Diesel,Dealer,Automatic,0
Car_2104,2021,2.88,4.48,101554,Petrol,Dealer,Manual,0
Car_2105,2017,4.4,11.81,58294,Diesel,Individual,Automatic,0
Car_2106,2023,18.41,19.38,54777,Diesel,Individual,Automatic,0
Car_2107,2009,1.6,18.1,141978,Diesel,Dealer,Automatic,1
Car_2108,2016,6.98,24.79,45751,Petrol,Individual,Automatic,0
Car_2109,2005,0.5,8.75,113750,Petrol,Individual,Manual,2
Car_2110,2009,1.18,13.71,79180,Petrol,Dealer,Manual,0
Car_2111,2012,1.62,9.91,36644,Petrol,Dealer,Automatic,0
Car_2112,2017,3.79,12.41,38521,Petrol,Individual,Manual,0
Car_2113,2012,2.88,21.78,16564,Petrol,Dealer,Manual,1
Car_2114,2015,3.41,17.89,110155,Petrol,Individual,Manual,1
Car_2115,2005,0.93,22.35,149493,Petrol,Dealer,Manual,0
Car_2116,2017,2.16,7.08,93747,Petrol,Dealer,Manual,0
Car_2117,2023,21.04,22.15,16202,Diesel,Dealer,Automatic,3
Car_2118,2007,0.5,3.84,114407,Diesel,Dealer,Manual,2
Car_2119,2021,12.59,22.49,139757,Petrol,Dealer,Manual,0
Car_2120,2009,0.88,9.9,95197,Diesel,Dealer,Manual,1
Car_2121,2012,1.31,9.58,47637,Diesel,Dealer,Manual,0
Car_2122,2018,5.88,14.02,29276,Petrol,Dealer,Automatic,0
Car_2123,2008,1.42,23.67,85946,Petrol,Individual,Manual,1
Car_2124,2015,0.83,3.58,80214,Diesel,Individual,Manual,1
Car_2125,2019,4.43,10.43,46230,Petrol,Individual,Manual,0
Car_2126,2023,16.8,21.77,129086,Petrol,Individual,Automatic,2
Car_2127,2011,1.1,11.41,134526,CNG,Individual,Manual,1
Car_2128,2023,5.29,6.98,145521,Petrol,Dealer,Manual,0
Car_2129,2023,10.79,12.06,40059,Diesel,Dealer,Manual,0
Car_2130,2015,2.72,11.17,6532,Petrol,Dealer,Manual,0
Car_2131,2009,1.84,23.1,107666,Petrol,Individual,Manual,0
Car_2132,2009,1.62,19.64,86551,Petrol,Individual,Automatic,1
Car_2133,2012,2.12,13.87,76880,Diesel,Individual,Manual,0
Car_2134,2014,4.73,24.74,111734,Petrol,Dealer,Automatic,0
Car_2135,2010,1.07,12.97,118997,Petrol,Individual,Manual,2
Car_2136,2019,1.42,3.81,57168,CNG,Dealer,Manual,3
Car_2137,2020,4.25,8.4,118123,Petrol,Individual,Automatic,1
Car_2138,2021,5.53,12.31,142461,Petrol,Individual,Manual,1
Car_2139,2012,0.96,6.03,92897,Petrol,Dealer,Automatic,1
Car_2140,2012,3.65,23.82,109599,Diesel,Dealer,Automatic,1
Car_2141,2013,3.62,19.75,84239,Petrol,Individual,Automatic,0
Car_2142,2006,0.5,8.54,23642,Petrol,Individual,Manual,0
Car_2143,2019,6.2,15.79,111862,Petrol,Dealer,Manual,1
Car_2144,2022,11.64,18.73,41509,Petrol,Individual,Manual,0
Car_2145,2007,1.51,23.68,84417,Diesel,Individual,Manual,0
Car_2146,2021,14.49,22.34,54237,Diesel,Dealer,Manual,1
Car_2147,2008,0.94,14.09,68176,Petrol,Dealer,Manual,0
Car_2148,2008,1.39,19.93,133633,Petrol,Individual,Manual,0
Car_2149,2018,5.13,15.15,84865,Petrol,Individual,Manual,0
Car_2150,2013,3.12,14.94,122181,Diesel,Dealer,Automatic,0
Car_2151,2013,0.89,5.08,67059,Petrol,Dealer,Automatic,2
Car_2152,2022,3.64,5.34,54150,Petrol,Dealer,Manual,1
Car_2153,2014,2.46,14.41,93367,CNG,Individual,Automatic,2
Car_2154,2008,0.67,8.55,46091,Petrol,Dealer,Manual,0
Car_2155,2016,0.76,2.97,5903,CNG,Individual,Manual,1
Car_2156,2012,2.27,18.76,59235,Petrol,Individual,Manual,1
Car_2157,2006,0.5,3.23,60342,Petrol,Individual,Automatic,0
Car_2158,2017,5.29,15.89,40572,Petrol,Individual,Manual,0
Car_2159,2020,6.78,14.63,22610,Petrol,Individual,Manual,1
Car_2160,2006,1.23,24.3,39052,Petrol,Individual,Automatic,3
Car_2161,2015,2.42,13.39,103993,Petrol,Individual,Manual,2
Car_2162,2014,0.77,3.93,92063,CNG,Individual,Automatic,0
Car_2163,2019,5.47,14.91,102540,Petrol,Dealer,Manual,0
Car_2164,2021,15.91,21.42,58533,Diesel,Dealer,Automatic,1
Car_2165,2012,3.53,24.93,128989,Diesel,Individual,Manual,0
Car_2166,2022,9.88,12.18,125388,Diesel,Individual,Automatic,0
Car_2167,2013,1.87,9.71,33702,Diesel,Individual,Automatic,0
Car_2168,2012,2.69,22.9,128482,Petrol,Individual,Automatic,0
Car_2169,2018,2.45,6.8,13631,Petrol,Individual,Manual,0
Car_2170,2022,12.09,16.35,92388,Petrol,Individual,Automatic,1
Car_2171,2016,2.83,11.63,129798,Petrol,Dealer,Automatic,3
Car_2172,2023,2.81,3.42,75043,Petrol,Individual,Manual,0
Car_2173,2018,4.24,10.31,40764,Petrol,Individual,Automatic,0
Car_2174,2021,3.88,8.47,134014,CNG,Individual,Manual,1
Car_2175,2007,0.99,17.94,118076,CNG,Individual,Manual,0
Car_2176,2011,2.24,23.85,104007,Petrol,Individual,Manual,2
Car_2177,2021,5.25,8.53,29940,Petrol,Individual,Manual,0
Car_2178,2016,4.66,20.76,112418,Petrol,Dealer,Manual,3
Car_2179,2013,0.68,3.75,76792,Petrol,Dealer,Manual,0
Car_2180,2019,6.23,14.61,13367,Petrol,Individual,Manual,2
Car_2181,2022,2.46,4.09,116764,CNG,Dealer,Manual,1
Car_2182,2017,7.97,23.52,13573,Petrol,Individual,Automatic,2
Car_2183,2012,2.92,19.74,20582,Petrol,Dealer,Manual,1
Car_2184,2018,5.41,17.3,141450,Petrol,Dealer,Manual,1
Car_2185,2012,2.78,21.04,70296,CNG,Dealer,Manual,1
Car_2186,2018,5.02,17.07,149572,CNG,Dealer,Manual,1
Car_2187,2011,2.88,24.3,70841,Diesel,Dealer,Manual,2
Car_2188,2016,5.01,18.56,26881,Petrol,Individual,Manual,0
Car_2189,2015,5.8,23.3,75233,Petrol,Dealer,Automatic,0
Car_2190,2015,2.99,14.14,70285,Petrol,Individual,Manual,0
Car_2191,2017,1.48,5.13,64547,Petrol,Individual,Manual,0
Car_2192,2022,8.75,14.38,143294,Diesel,Individual,Manual,2
Car_2193,2006,0.5,5.35,12933,Petrol,Individual,Automatic,0
Car_2194,2019,5.78,15.83,88385,Petrol,Individual,Manual,1
Car_2195,2022,9.11,13.36,103706,Diesel,Dealer,Manual,1
Car_2196,2019,6.77,16.51,143012,Petrol,Dealer,Automatic,2
Car_2197,2023,2.59,2.73,89590,Diesel,Individual,Automatic,1
Car_2198,2016,1.84,6.88,111399,Petrol,Dealer,Manual,0
Car_2199,2017,3.44,13.55,64145,Petrol,Individual,Manual,3
Car_2200,2015,5.66,23.89,62520,Petrol,Individual,Manual,0
Car_2201,2009,0.86,11.13,9544,CNG,Individual,Manual,1
Car_2202,2005,0.56,12.05,59812,Petrol,Dealer,Manual,0
Car_2203,2007,0.93,18.58,124090,Petrol,Individual,Manual,0
Car_2204,2023,12.08,16.09,104054,Petrol,Individual,Automatic,2
Car_2205,2011,1.04,9.23,137689,Diesel,Individual,Manual,1
Car_2206,2016,3.19,11.74,105834,Diesel,Individual,Manual,0
Car_2207,2019,3.07,7.4,139405,Petrol,Dealer,Manual,1
Car_2208,2009,2.31,24.24,45002,Petrol,Dealer,Manual,0
Car_2209,2019,1.96,5.44,136583,CNG,Dealer,Manual,0
Car_2210,2012,1.79,10.87,117850,Diesel,Dealer,Automatic,1
Car_2211,2014,0.62,3.08,135011,Diesel,Dealer,Automatic,1
Car_2212,2020,3.42,7.49,126548,Petrol,Dealer,Automatic,2
Car_2213,2012,3.05,20.06,36786,Petrol,Individual,Automatic,1
Car_2214,2005,0.5,7.03,41244,Diesel,Individual,Automatic,1
Car_2215,2016,1.25,4.3,72261,Diesel,Dealer,Manual,0
Car_2216,2009,1.27,13.18,23477,Diesel,Individual,Manual,0
Car_2217,2007,0.5,2.72,13496,Petrol,Individual,Automatic,0
Car_2218,2005,0.5,4.41,125522,Diesel,Individual,Manual,2
Car_2219,2008,1.38,20.67,148342,Diesel,Individual,Manual,0
Car_2220,2012,3.42,19.86,25724,CNG,Dealer,Automatic,0
Car_2221,2007,1.68,23.09,35416,Petrol,Dealer,Automatic,1
Car_2222,2014,5.02,21.73,40575,Diesel,Dealer,Manual,0
Car_2223,2006,0.84,17.87,81614,Diesel,Dealer,Manual,2
Car_2224,2015,0.81,3.68,98566,Diesel,Individual,Manual,0
Car_2225,2014,3.51,20.11,132192,Diesel,Individual,Manual,1
Car_2226,2018,7.21,21.52,24359,CNG,Dealer,Manual,0
Car_2227,2011,2.42,20.48,144770,CNG,Individual,Automatic,0
Car_2228,2006,0.64,13.94,48634,Petrol,Individual,Manual,2
Car_2229,2013,1.13,7.74,122255,Diesel,Dealer,Manual,1
Car_2230,2020,12.95,21.52,47864,Diesel,Individual,Automatic,0
Car_2231,2017,5.4,18.86,99482,Petrol,Dealer,Manual,0
Car_2232,2013,4.7,24.57,42355,Petrol,Individual,Automatic,0
Car_2233,2008,0.5,6.0,42690,Petrol,Dealer,Manual,0
Car_2234,2014,1.88,7.58,61630,Diesel,Dealer,Automatic,0
Car_2235,2016,1.92,7.27,26658,Petrol,Individual,Manual,1
Car_2236,2021,14.66,20.33,20797,Diesel,Individual,Manual,0
Car_2237,2018,2.93,6.71,63799,Diesel,Dealer,Manual,0
Car_2238,2018,1.33,4.0,123301,Diesel,Individual,Manual,1
Car_2239,2006,1.4,24.97,57236,Petrol,Individual,Manual,0
Car_2240,2015,0.69,3.06,11265,Petrol,Dealer,Manual,1
Car_2241,2020,10.61,21.29,130611,Petrol,Individual,Automatic,1
Car_2242,2023,7.99,10.72,126754,Petrol,Individual,Manual,0
Car_2243,2010,2.68,21.44,96426,Diesel,Dealer,Automatic,0
Car_2244,2023,12.22,14.98,147957,Diesel,Individual,Automatic,0
Car_2245,2009,1.93,22.79,114681,Petrol,Individual,Automatic,1
Car_2246,2008,1.97,23.34,48826,Diesel,Individual,Automatic,1
Car_2247,2019,0.98,2.7,60597,Petrol,Individual,Manual,1
Car_2248,2008,0.5,4.2,143515,Petrol,Dealer,Manual,3
Car_2249,2014,1.48,8.13,102375,Diesel,Dealer,Manual,1
Car_2250,2007,0.99,17.56,22084,Petrol,Individual,Manual,1
Car_2251,2009,1.93,22.49,94447,Diesel,Individual,Manual,0
Car_2252,2010,1.47,12.85,9383,Diesel,Dealer,Manual,0
Car_2253,2012,2.49,16.16,97313,Diesel,Dealer,Manual,0
Car_2254,2011,0.84,6.74,39361,Petrol,Individual,Automatic,1
Car_2255,2014,4.4,20.61,85294,Petrol,Dealer,Automatic,0
Car_2256,2010,2.8,24.26,66331,Petrol,Dealer,Automatic,1
Car_2257,2018,2.29,8.54,100057,CNG,Individual,Manual,1
Car_2258,2008,0.96,13.63,126685,Petrol,Individual,Manual,0
Car_2259,2017,1.29,4.44,101917,Petrol,Individual,Automatic,1
Car_2260,2021,10.14,15.08,35932,Diesel,Individual,Manual,0
Car_2261,2011,2.25,13.81,6908,Diesel,Dealer,Automatic,0
Car_2262,2008,0.52,5.75,35412,Diesel,Individual,Automatic,1
Car_2263,2018,3.6,12.45,133319,CNG,Dealer,Manual,1
Car_2264,2007,0.58,10.02,88710,Petrol,Individual,Manual,0
Car_2265,2009,1.16,14.24,7928,Petrol,Individual,Manual,0
Car_2266,2020,7.59,15.68,70158,Petrol,Individual,Manual,0
Car_2267,2008,0.5,2.69,37309,Petrol,Individual,Manual,0
Car_2268,2006,1.24,19.62,14280,Diesel,Dealer,Automatic,3
Car_2269,2022,13.13,18.54,45449,Petrol,Individual,Manual,0
Car_2270,2023,9.01,10.74,31957,Diesel,Dealer,Manual,2
Car_2271,2023,2.73,3.69,75499,Petrol,Dealer,Manual,2
Car_2272,2021,11.07,19.49,98057,Petrol,Dealer,Manual,0
Car_2273,2018,9.83,23.99,115065,Diesel,Individual,Automatic,0
Car_2274,2023,5.9,7.9,79893,Petrol,Individual,Manual,1
Car_2275,2017,4.35,9.78,30176,Diesel,Dealer,Automatic,0
Car_2276,2016,1.83,6.64,61967,CNG,Dealer,Automatic,1
Car_2277,2010,1.86,15.48,5987,Diesel,Individual,Automatic,0
Car_2278,2008,0.5,5.98,101854,Petrol,Dealer,Manual,0
Car_2279,2023,8.38,10.51,31015,CNG,Individual,Manual,0
Car_2280,2020,10.1,18.18,117350,Petrol,Individual,Automatic,0
Car_2281,2017,5.25,15.1,71404,Diesel,Individual,Automatic,1
Car_2282,2008,0.74,11.2,121751,Petrol,Individual,Automatic,3
Car_2283,2021,6.46,11.96,133807,Petrol,Individual,Manual,0
Car_2284,2005,0.56,15.15,53231,CNG,Individual,Manual,0
Car_2285,2022,2.27,2.63,33305,Petrol,Dealer,Automatic,0
Car_2286,2021,2.62,4.27,59306,Diesel,Dealer,Manual,0
Car_2287,2019,8.76,22.33,126139,Petrol,Dealer,Manual,1
Car_2288,2015,1.01,4.25,23318,Diesel,Individual,Manual,1
Car_2289,2017,5.07,18.4,149318,CNG,Individual,Automatic,0
Car_2290,2005,1.03,23.2,26584,Petrol,Dealer,Manual,1
Car_2291,2021,5.46,8.59,20169,Diesel,Individual,Manual,1
Car_2292,2010,1.14,10.84,30968,Diesel,Individual,Manual,0
Car_2293,2008,0.87,15.3,142457,CNG,Individual,Manual,1
Car_2294,2020,13.06,22.34,127684,Petrol,Dealer,Automatic,0
Car_2295,2019,9.89,23.69,120391,Diesel,Individual,Manual,1
Car_2296,2019,8.11,19.14,30444,Petrol,Individual,Manual,0
Car_2297,2010,0.5,4.45,111081,Petrol,Dealer,Manual,0
Car_2298,2019,7.16,17.56,67497,Petrol,Individual,Manual,1
Car_2299,2018,4.68,11.73,10362,Diesel,Dealer,Manual,1
Car_2300,2015,3.11,13.09,104254,Diesel,Individual,Automatic,1
Car_2301,2011,0.5,3.61,144322,Petrol,Individual,Automatic,0
Car_2302,2013,1.14,6.8,73354,Diesel,Individual,Manual,1
Car_2303,2020,12.16,20.29,41368,Diesel,Dealer,Manual,0
Car_2304,2009,1.03,12.71,49109,Petrol,Individual,Manual,1
Car_2305,2014,1.84,9.29,32426,CNG,Dealer,Automatic,1
Car_2306,2022,7.26,11.14,122632,Petrol,Individual,Manual,0
Car_2307,2007,1.16,21.72,117637,Petrol,Individual,Manual,0
Car_2308,2017,6.23,19.35,44023,Petrol,Individual,Automatic,2
Car_2309,2015,1.95,8.63,127268,Diesel,Individual,Manual,1
Car_2310,2021,2.18,5.14,114211,CNG,Dealer,Manual,3
Car_2311,2017,2.29,8.17,99897,Petrol,Individual,Manual,0
Car_2312,2010,2.28,23.22,84777,Petrol,Dealer,Manual,1
Car_2313,2021,9.98,15.59,49858,Petrol,Dealer,Automatic,1
Car_2314,2017,5.35,14.5,95042,Diesel,Individual,Automatic,1
Car_2315,2023,13.28,15.92,88098,Diesel,Individual,Manual,1
Car_2316,2023,9.03,10.74,25239,CNG,Dealer,Manual,0
Car_2317,2014,3.75,20.66,149137,Diesel,Individual,Manual,1
Car_2318,2007,0.8,14.27,115951,Diesel,Dealer,Manual,1
Car_2319,2018,1.98,5.13,46291,Diesel,Dealer,Manual,0
Car_2320,2023,4.92,5.4,43805,Petrol,Dealer,Manual,0
Car_2321,2009,1.15,14.58,103831,Diesel,Individual,Manual,1
Car_2322,2009,2.02,23.57,14290,Petrol,Individual,Manual,0
Car_2323,2021,5.18,9.44,136283,Petrol,Individual,Manual,0
Car_2324,2014,3.98,22.06,88634,Petrol,Dealer,Manual,1
Car_2325,2009,1.91,19.69,24072,Diesel,Individual,Manual,0
Car_2326,2008,0.63,8.08,48290,Diesel,Individual,Manual,0
Car_2327,2010,0.5,3.32,90186,Diesel,Individual,Manual,1
Car_2328,2008,0.5,4.79,20115,Petrol,Individual,Manual,0
Car_2329,2011,2.35,18.89,10149,Diesel,Individual,Manual,1
Car_2330,2011,0.82,6.99,46992,Petrol,Individual,Manual,0
Car_2331,2022,7.75,10.85,22716,Diesel,Individual,Manual,2
Car_2332,2007,0.79,13.79,102724,Petrol,Individual,Manual,0
Car_2333,2005,0.91,18.82,18621,Diesel,Individual,Manual,0
Car_2334,2008,0.5,5.05,142892,Diesel,Individual,Automatic,1
Car_2335,2010,1.17,11.64,118065,Diesel,Dealer,Manual,0
Car_2336,2013,2.76,13.41,35399,Diesel,Individual,Automatic,1
Car_2337,2018,5.47,14.67,124374,Diesel,Individual,Automatic,1
Car_2338,2016,5.07,20.91,48098,Petrol,Dealer,Manual,1
Car_2339,2008,0.61,6.36,50511,Diesel,Dealer,Automatic,0
Car_2340,2016,4.89,20.68,58243,Petrol,Individual,Manual,2
Car_2341,2014,3.46,18.09,120131,Petrol,Individual,Manual,0
Car_2342,2011,2.11,15.01,33750,Petrol,Dealer,Automatic,0
Car_2343,2007,1.2,18.24,60398,CNG,Dealer,Automatic,0
Car_2344,2018,3.84,11.77,49345,Petrol,Individual,Manual,1
Car_2345,2014,0.95,5.61,98430,Petrol,Dealer,Manual,2
Car_2346,2020,8.15,17.48,119921,CNG,Dealer,Automatic,0
Car_2347,2020,6.83,14.31,96729,Diesel,Individual,Automatic,2
Car_2348,2014,2.9,16.89,56843,Petrol,Individual,Manual,1
Car_2349,2017,2.68,10.1,146294,CNG,Dealer,Manual,0
Car_2350,2010,1.97,22.9,136458,Petrol,Dealer,Manual,1
Car_2351,2016,4.18,15.72,69334,Diesel,Individual,Manual,0
Car_2352,2013,0.74,4.42,72170,Diesel,Dealer,Automatic,2
Car_2353,2017,4.29,12.62,45878,Diesel,Dealer,Manual,1
Car_2354,2008,1.65,19.52,95352,Diesel,Dealer,Automatic,0
Car_2355,2015,5.42,20.37,23383,Petrol,Dealer,Automatic,2
Car_2356,2022,8.85,13.63,140973,Petrol,Dealer,Manual,0
Car_2357,2015,4.6,22.63,47889,Diesel,Individual,Manual,2
Car_2358,2008,0.58,8.52,19633,Petrol,Dealer,Manual,0
Car_2359,2022,6.81,11.74,67244,CNG,Dealer,Manual,1
Car_2360,2005,0.89,22.72,134177,Petrol,Dealer,Manual,1
Car_2361,2011,1.96,22.67,146779,Petrol,Individual,Manual,1
Car_2362,2010,1.74,17.93,88597,Diesel,Individual,Manual,0
Car_2363,2019,8.31,21.83,20115,Petrol,Individual,Manual,2
Car_2364,2022,2.88,4.5,80379,Petrol,Individual,Manual,0
Car_2365,2015,4.95,21.96,44979,Petrol,Dealer,Manual,0
Car_2366,2019,4.12,9.71,74377,CNG,Individual,Automatic,0
Car_2367,2020,3.22,6.51,11416,Petrol,Dealer,Manual,1
Car_2368,2011,0.92,7.89,146705,Petrol,Dealer,Manual,0
Car_2369,2014,2.26,11.9,133785,Petrol,Dealer,Automatic,1
Car_2370,2016,1.81,8.15,136666,Petrol,Dealer,Automatic,2
Car_2371,2018,3.01,9.71,135364,Petrol,Individual,Automatic,2
Car_2372,2009,0.5,5.54,102507,Diesel,Individual,Manual,0
Car_2373,2022,5.19,9.16,123243,CNG,Individual,Manual,1
Car_2374,2009,1.18,15.38,140933,Petrol,Dealer,Manual,0
Car_2375,2007,0.63,12.44,108070,Diesel,Individual,Manual,2
Car_2376,2009,0.78,10.3,41126,CNG,Dealer,Manual,2
Car_2377,2021,8.98,19.3,85382,Petrol,Individual,Manual,2
Car_2378,2023,19.07,22.6,23228,Petrol,Dealer,Manual,1
Car_2379,2023,15.24,19.53,29009,CNG,Dealer,Manual,0
Car_2380,2016,2.99,9.97,5094,Diesel,Individual,Manual,0
Car_2381,2013,2.87,19.25,85636,Petrol,Individual,Manual,0
Car_2382,2005,0.5,5.92,103453,Petrol,Individual,Manual,0
Car_2383,2022,3.64,5.43,59486,Petrol,Dealer,Automatic,2
Car_2384,2008,0.86,10.28,95510,Petrol,Dealer,Automatic,0
Car_2385,2014,3.98,20.67,25860,Diesel,Dealer,Manual,2
Car_2386,2011,0.97,8.04,77812,Diesel,Individual,Automatic,2
Car_2387,2005,0.5,3.92,71087,Diesel,Individual,Manual,2
Car_2388,2021,2.72,5.46,144558,Petrol,Dealer,Manual,1
Car_2389,2006,1.18,21.82,54607,Petrol,Dealer,Manual,0
Car_2390,2015,3.84,16.76,145817,Petrol,Individual,Automatic,0
Car_2391,2013,1.23,8.2,111664,Diesel,Dealer,Manual,1
Car_2392,2011,2.09,14.99,23330,Diesel,Dealer,Manual,0
Car_2393,2021,9.77,14.37,125803,Petrol,Individual,Automatic,0
Car_2394,2021,10.87,17.25,48336,Petrol,Dealer,Manual,1
Car_2395,2006,0.5,7.75,13070,Diesel,Individual,Automatic,2
Car_2396,2010,2.15,21.95,6320,Diesel,Individual,Manual,2
Car_2397,2018,3.53,9.46,94043,Petrol,Dealer,Manual,0
Car_2398,2010,2.03,18.12,43921,Petrol,Dealer,Automatic,2
Car_2399,2006,0.5,2.86,11589,Petrol,Dealer,Manual,1
Car_2400,2005,0.5,10.88,97995,Diesel,Individual,Automatic,1
Car_2401,2014,2.3,10.41,20589,Diesel,Individual,Automatic,0
Car_2402,2009,1.36,14.73,41375,Diesel,Dealer,Manual,1
Car_2403,2006,0.5,4.14,48085,Diesel,Individual,Manual,1
Car_2404,2020,8.44,20.28,65840,CNG,Individual,Manual,1
Car_2405,2006,0.5,7.4,103704,Petrol,Individual,Manual,0
Car_2406,2014,2.61,17.73,102047,Petrol,Individual,Manual,2
Car_2407,2006,1.09,20.57,35982,Petrol,Individual,Automatic,2
Car_2408,2020,6.54,15.14,64720,Petrol,Individual,Manual,2
Car_2409,2020,10.83,19.17,33514,Diesel,Individual,Automatic,0
Car_2410,2023,16.52,17.39,139923,Diesel,Dealer,Automatic,0
Car_2411,2011,1.34,10.5,81034,Diesel,Individual,Automatic,0
Car_2412,2016,5.77,20.7,103388,Petrol,Individual,Automatic,1
Car_2413,2019,4.05,9.13,49845,Petrol,Individual,Automatic,2
Car_2414,2012,2.15,15.35,115853,Petrol,Individual,Automatic,0
Car_2415,2010,1.86,19.27,113417,Diesel,Individual,Automatic,2
Car_2416,2014,1.95,11.03,118436,Petrol,Individual,Automatic,1
Car_2417,2007,0.67,9.31,26159,Petrol,Dealer,Automatic,0
Car_2418,2023,11.8,12.84,94788,Petrol,Individual,Automatic,0
Car_2419,2021,11.27,20.9,29003,CNG,Individual,Manual,0
Car_2420,2011,2.56,23.42,110722,Diesel,Individual,Manual,1
Car_2421,2008,0.91,14.76,40139,CNG,Individual,Manual,0
Car_2422,2018,6.49,17.38,57452,Diesel,Dealer,Manual,1
Car_2423,2019,10.49,22.82,27205,Diesel,Dealer,Manual,1
Car_2424,2012,0.73,4.72,61955,Petrol,Individual,Automatic,0
Car_2425,2019,3.52,7.72,12464,Petrol,Dealer,Manual,0
Car_2426,2018,7.19,18.45,14840,Diesel,Individual,Manual,1
Car_2427,2013,4.52,21.03,45768,Diesel,Dealer,Automatic,0
Car_2428,2012,3.1,21.78,145533,Petrol,Dealer,Automatic,2
Car_2429,2021,7.82,11.84,25927,Petrol,Individual,Automatic,1
Car_2430,2006,0.5,4.51,103622,Diesel,Individual,Automatic,0
Car_2431,2007,0.74,12.35,20329,Petrol,Dealer,Manual,1
Car_2432,2012,1.24,7.69,20791,Diesel,Dealer,Manual,1
Car_2433,2016,2.27,9.05,57627,Petrol,Individual,Manual,0
Car_2434,2005,0.81,19.88,133885,Petrol,Individual,Manual,0
Car_2435,2014,0.68,4.2,114554,Petrol,Individual,Manual,1
Car_2436,2007,1.49,21.12,135436,Diesel,Dealer,Automatic,0
Car_2437,2010,1.41,12.12,92073,Diesel,Individual,Automatic,0
Car_2438,2011,1.66,15.91,39370,Petrol,Dealer,Manual,1
Car_2439,2022,3.35,4.52,56408,Diesel,Dealer,Manual,1
Car_2440,2015,1.89,10.09,95941,Petrol,Individual,Manual,2
Car_2441,2023,3.34,4.52,143604,Petrol,Dealer,Manual,0
Car_2442,2009,2.51,24.13,40416,Diesel,Dealer,Automatic,0
Car_2443,2023,15.65,20.66,77439,Petrol,Dealer,Manual,1
Car_2444,2015,3.25,12.84,23242,Diesel,Individual,Automatic,1
Car_2445,2016,1.84,7.53,84324,CNG,Individual,Automatic,1
Car_2446,2014,4.64,23.5,40249,Diesel,Individual,Manual,0
Car_2447,2012,1.59,10.25,105124,Diesel,Individual,Automatic,0
Car_2448,2013,1.03,6.12,100049,Diesel,Dealer,Manual,1
Car_2449,2008,0.93,15.17,90078,Petrol,Individual,Manual,1
Car_2450,2009,2.03,23.73,37294,Petrol,Dealer,Manual,0
Car_2451,2012,0.5,2.59,139756,Petrol,Individual,Manual,0
Car_2452,2013,0.88,7.86,146503,CNG,Individual,Manual,2
Car_2453,2019,8.79,23.62,94627,Petrol,Dealer,Manual,3
Car_2454,2019,2.55,6.35,95381,Petrol,Dealer,Manual,0
Car_2455,2020,2.21,5.05,95027,CNG,Individual,Manual,0
Car_2456,2018,7.34,15.33,75366,Diesel,Dealer,Automatic,0
Car_2457,2012,2.58,21.89,99176,CNG,Dealer,Manual,0
Car_2458,2022,10.48,13.23,124667,Diesel,Dealer,Automatic,0
Car_2459,2014,4.41,24.88,77870,Petrol,Individual,Manual,0
Car_2460,2010,2.05,17.78,52387,Diesel,Individual,Automatic,1
Car_2461,2016,1.06,4.17,14304,Petrol,Individual,Manual,1
Car_2462,2006,1.17,24.84,22032,Petrol,Individual,Manual,2
Car_2463,2011,1.34,11.68,96291,Diesel,Individual,Manual,1
Car_2464,2020,4.64,8.97,117889,Diesel,Dealer,Manual,0
Car_2465,2007,0.93,15.05,64486,Diesel,Dealer,Manual,0
Car_2466,2017,2.82,9.35,70552,CNG,Individual,Automatic,2
Car_2467,2007,0.5,4.45,44244,Diesel,Individual,Automatic,2
Car_2468,2022,1.47,2.53,142014,Petrol,Individual,Manual,0
Car_2469,2015,2.95,12.62,55697,Diesel,Individual,Manual,0
Car_2470,2012,2.66,21.33,131031,Diesel,Individual,Manual,2
Car_2471,2010,1.58,15.38,7693,CNG,Individual,Automatic,0
Car_2472,2005,1.14,24.98,86098,Petrol,Dealer,Manual,0
Car_2473,2005,0.5,8.95,11259,Petrol,Dealer,Manual,2
Car_2474,2012,1.09,8.81,124746,Diesel,Individual,Manual,2
Car_2475,2009,0.5,6.09,112772,Petrol,Dealer,Manual,1
Car_2476,2020,3.21,6.19,122928,Diesel,Individual,Manual,0
Car_2477,2015,1.6,8.92,141014,Petrol,Dealer,Manual,1
Car_2478,2009,1.69,20.34,52419,Petrol,Individual,Manual,1
Car_2479,2008,1.47,22.88,107092,Diesel,Individual,Manual,1
Car_2480,2010,2.97,24.44,61105,Petrol,Individual,Automatic,0
Car_2481,2018,3.15,7.73,28404,Diesel,Dealer,Automatic,3
Car_2482,2023,18.4,22.33,77656,Petrol,Individual,Manual,0
Car_2483,2013,1.48,9.89,141774,Petrol,Dealer,Manual,0
Car_2484,2016,1.13,5.04,105965,Petrol,Individual,Manual,0
Car_2485,2015,4.69,22.08,61332,Diesel,Individual,Manual,1
Car_2486,2018,5.77,16.81,108182,Petrol,Dealer,Manual,1
Car_2487,2020,3.36,6.21,116395,Diesel,Individual,Manual,1
Car_2488,2005,0.57,12.17,107619,Diesel,Individual,Manual,0
Car_2489,2017,2.49,8.96,113269,Diesel,Individual,Manual,2
Car_2490,2017,6.37,19.08,78844,Diesel,Individual,Manual,0
Car_2491,2006,0.6,12.7,129983,Petrol,Individual,Manual,0
Car_2492,2008,2.0,24.76,39142,Petrol,Dealer,Automatic,1
Car_2493,2010,0.5,3.73,114699,Diesel,Individual,Automatic,0
Car_2494,2009,0.87,10.49,101226,Petrol,Individual,Automatic,1
Car_2495,2007,1.09,13.34,12393,Diesel,Dealer,Automatic,0
Car_2496,2005,0.62,13.82,107281,Diesel,Individual,Manual,0
Car_2497,2008,0.81,9.61,14388,Petrol,Individual,Automatic,0
Car_2498,2006,1.0,18.91,67969,Diesel,Individual,Manual,0
Car_2499,2009,1.75,22.18,41660,CNG,Dealer,Manual,0
Car_2500,2007,1.4,23.62,94244,Petrol,Dealer,Manual,0
Car_2501,2013,3.42,20.61,84544,Diesel,Dealer,Manual,1
Car_2502,2010,2.15,21.64,136183,Petrol,Individual,Automatic,0
Car_2503,2022,11.46,14.89,120370,Diesel,Individual,Automatic,1
Car_2504,2010,2.09,21.08,22545,Diesel,Dealer,Manual,1
Car_2505,2023,7.04,9.33,138451,Diesel,Dealer,Manual,2
Car_2506,2016,3.32,11.47,92346,Diesel,Individual,Automatic,2
Car_2507,2015,2.29,9.63,22809,CNG,Dealer,Manual,0
Car_2508,2006,0.76,13.02,32967,Diesel,Dealer,Manual,0
Car_2509,2019,3.58,8.93,145820,Diesel,Individual,Manual,1
Car_2510,2016,7.62,24.14,28424,Diesel,Individual,Automatic,1
Car_2511,2016,2.62,9.54,113411,Diesel,Individual,Manual,0
Car_2512,2013,0.85,4.71,75069,Diesel,Individual,Automatic,1
Car_2513,2006,0.75,14.35,94119,CNG,Dealer,Automatic,1
Car_2514,2007,0.5,3.78,42049,Diesel,Individual,Manual,1
Car_2515,2016,1.49,4.99,32821,Diesel,Dealer,Manual,1
Car_2516,2020,3.69,7.44,100797,Petrol,Dealer,Manual,0
Car_2517,2005,0.59,12.95,82734,Diesel,Dealer,Manual,0
Car_2518,2007,0.76,12.25,143241,Diesel,Dealer,Manual,0
Car_2519,2006,1.2,20.49,102445,Diesel,Dealer,Manual,0
Car_2520,2013,2.72,19.14,8830,Petrol,Individual,Manual,2
Car_2521,2023,8.2,12.09,91940,CNG,Individual,Manual,0
Car_2522,2019,3.99,10.01,68867,Petrol,Dealer,Manual,0
Car_2523,2022,6.39,9.62,37419,Petrol,Individual,Manual,0
Car_2524,2015,4.41,19.91,21668,Diesel,Individual,Manual,1
Car_2525,2020,2.28,3.67,29996,Diesel,Dealer,Automatic,1
Car_2526,2021,1.62,2.79,56312,Petrol,Dealer,Manual,1
Car_2527,2009,1.46,20.4,139137,Diesel,Dealer,Manual,2
Car_2528,2016,3.79,13.24,15467,Petrol,Dealer,Manual,0
Car_2529,2015,1.42,5.44,33702,Petrol,Individual,Automatic,0
Car_2530,2019,3.14,7.8,99369,Petrol,Dealer,Manual,1
Car_2531,2007,1.53,23.48,80569,Diesel,Dealer,Automatic,2
Car_2532,2005,1.24,21.84,58952,Petrol,Dealer,Automatic,0
Car_2533,2020,9.56,18.47,39169,Petrol,Individual,Manual,0
Car_2534,2006,0.7,13.35,21829,Diesel,Dealer,Manual,1
Car_2535,2006,0.69,14.21,9522,Petrol,Individual,Manual,0
Car_2536,2007,1.53,24.44,90687,Diesel,Dealer,Manual,0
Car_2537,2012,2.94,24.23,125334,Diesel,Individual,Manual,2
Car_2538,2019,3.31,7.34,123576,Diesel,Individual,Manual,0
Car_2539,2011,2.32,20.75,122419,Petrol,Individual,Automatic,1
Car_2540,2010,0.7,6.94,12699,Diesel,Individual,Manual,0
Car_2541,2013,1.24,7.3,73165,Diesel,Individual,Manual,0
Car_2542,2005,0.69,17.71,80692,Petrol,Individual,Manual,1
Car_2543,2012,1.62,11.61,22441,Petrol,Individual,Manual,0
Car_2544,2007,1.62,23.46,35716,Petrol,Dealer,Automatic,1
Car_2545,2008,0.5,4.5,67175,Petrol,Individual,Manual,0
Car_2546,2019,6.83,14.01,11834,CNG,Individual,Automatic,0
Car_2547,2010,2.71,23.17,23179,Diesel,Dealer,Manual,0
Car_2548,2019,10.27,22.84,31219,Petrol,Individual,Automatic,2
Car_2549,2007,0.5,6.02,108153,Petrol,Individual,Manual,0
Car_2550,2018,3.9,10.75,79967,CNG,Individual,Automatic,0
Car_2551,2018,6.63,16.43,107454,Petrol,Individual,Automatic,0
Car_2552,2008,0.5,6.09,14496,Diesel,Individual,Automatic,1
Car_2553,2016,6.52,24.28,51025,Petrol,Dealer,Manual,0
Car_2554,2021,13.49,23.08,64886,Diesel,Dealer,Manual,2
Car_2555,2011,0.7,6.26,8712,Diesel,Individual,Manual,3
Car_2556,2013,0.89,5.23,99067,Petrol,Individual,Automatic,0
Car_2557,2007,0.5,4.42,50489,Petrol,Individual,Manual,0
Car_2558,2017,8.47,22.96,37664,Diesel,Dealer,Automatic,2
Car_2559,2019,2.39,6.86,148492,CNG,Dealer,Manual,0
Car_2560,2022,7.33,11.87,10315,Petrol,Individual,Manual,2
Car_2561,2023,11.27,12.6,80033,Diesel,Dealer,Manual,0
Car_2562,2005,0.69,15.98,122862,Petrol,Individual,Manual,0
Car_2563,2010,0.5,4.11,84030,Diesel,Dealer,Manual,3
Car_2564,2006,0.5,7.6,68910,Diesel,Dealer,Manual,0
Car_2565,2018,7.79,23.46,126075,Petrol,Dealer,Manual,0
Car_2566,2010,2.49,22.94,60919,Petrol,Dealer,Automatic,1
Car_2567,2018,6.31,20.08,140204,Petrol,Individual,Manual,2
Car_2568,2008,0.5,2.94,132153,Diesel,Dealer,Automatic,0
Car_2569,2012,1.27,9.86,46598,Petrol,Dealer,Manual,2
Car_2570,2007,1.02,16.63,73206,Petrol,Individual,Automatic,1
Car_2571,2023,5.32,8.69,79900,CNG,Individual,Manual,3
Car_2572,2018,7.37,22.97,31296,Petrol,Individual,Manual,1
Car_2573,2021,9.49,16.76,80577,Diesel,Dealer,Manual,1
Car_2574,2012,0.51,4.12,82173,Petrol,Dealer,Manual,2
Car_2575,2018,8.15,22.95,69771,Petrol,Individual,Manual,0
Car_2576,2010,2.3,24.05,82865,Petrol,Individual,Automatic,2
Car_2577,2020,2.63,4.25,104074,Diesel,Dealer,Automatic,0
Car_2578,2023,12.51,14.48,41622,Diesel,Dealer,Manual,0
Car_2579,2018,3.91,9.33,40886,Diesel,Individual,Automatic,1
Car_2580,2023,7.97,11.34,145973,Petrol,Individual,Manual,0
Car_2581,2007,0.5,6.54,61377,Petrol,Individual,Manual,1
Car_2582,2014,2.52,15.51,87910,CNG,Dealer,Manual,1
Car_2583,2023,22.85,24.05,123992,Petrol,Dealer,Automatic,0
Car_2584,2013,2.26,13.82,21312,Petrol,Dealer,Manual,0
Car_2585,2017,1.59,4.37,6436,Petrol,Dealer,Automatic,1
Car_2586,2011,2.13,16.45,32569,Diesel,Individual,Manual,2
Car_2587,2018,4.07,10.16,121787,Diesel,Dealer,Automatic,2
Car_2588,2013,3.78,21.76,95485,Petrol,Individual,Automatic,0
Car_2589,2023,9.48,12.28,107555,Petrol,Individual,Automatic,3
Car_2590,2019,3.03,6.84,145377,Diesel,Dealer,Manual,0
Car_2591,2018,2.15,6.8,37646,CNG,Individual,Manual,0
Car_2592,2010,1.72,19.8,81126,Petrol,Individual,Manual,0
Car_2593,2008,0.6,8.48,122922,Diesel,Individual,Manual,0
Car_2594,2012,3.0,19.76,45430,Petrol,Dealer,Automatic,1
Car_2595,2021,4.25,7.13,127238,Petrol,Dealer,Manual,1
Car_2596,2013,1.51,9.74,73659,Petrol,Dealer,Manual,2
Car_2597,2005,0.55,12.97,120341,Petrol,Dealer,Manual,1
Car_2598,2018,7.81,23.72,9158,Petrol,Individual,Manual,0
Car_2599,2015,4.88,23.46,79236,CNG,Individual,Automatic,1
Car_2600,2007,0.5,7.15,81067,Petrol,Dealer,Manual,0
Car_2601,2013,1.83,10.56,14879,Petrol,Individual,Automatic,1
Car_2602,2018,1.84,5.86,141615,Petrol,Individual,Manual,0
Car_2603,2013,2.2,13.97,117284,Diesel,Individual,Manual,0
Car_2604,2008,0.85,12.86,89117,CNG,Dealer,Manual,0
Car_2605,2008,1.72,22.77,48888,Petrol,Dealer,Manual,2
Car_2606,2012,2.95,23.43,35276,Petrol,Individual,Manual,1
Car_2607,2006,0.67,11.13,9799,Petrol,Dealer,Automatic,2
Car_2608,2013,2.15,13.56,117529,Petrol,Individual,Manual,0
Car_2609,2018,6.01,22.67,129713,Petrol,Individual,Manual,3
Car_2610,2013,4.27,20.65,95141,Diesel,Individual,Automatic,0
Car_2611,2020,1.23,2.58,120013,Diesel,Individual,Manual,1
Car_2612,2021,6.55,9.7,36668,Diesel,Dealer,Automatic,0
Car_2613,2020,5.71,11.99,140183,Petrol,Individual,Manual,0
Car_2614,2016,1.67,7.67,77392,Petrol,Dealer,Manual,2
Car_2615,2007,0.5,6.99,21490,Diesel,Individual,Manual,1
Car_2616,2015,0.73,3.35,122219,Diesel,Dealer,Manual,2
Car_2617,2018,5.77,16.98,49104,Petrol,Individual,Manual,0
Car_2618,2022,6.35,8.41,10316,Diesel,Dealer,Manual,1
Car_2619,2009,0.5,3.68,43130,Petrol,Individual,Automatic,0
Car_2620,2020,3.47,7.7,112294,Petrol,Individual,Manual,0
Car_2621,2009,1.69,20.54,34954,Petrol,Individual,Manual,2
Car_2622,2007,1.16,21.66,118437,CNG,Dealer,Manual,1
Car_2623,2016,2.47,13.37,139116,Petrol,Individual,Manual,3
Car_2624,2005,0.5,11.86,68165,CNG,Dealer,Manual,0
Car_2625,2013,3.05,24.5,147552,Petrol,Individual,Manual,3
Car_2626,2013,1.14,7.01,71775,Petrol,Individual,Automatic,1
Car_2627,2008,0.51,7.35,142638,Diesel,Individual,Manual,1
Car_2628,2007,0.56,9.07,90311,Petrol,Dealer,Manual,0
Car_2629,2021,3.44,6.39,58149,Petrol,Individual,Manual,2
Car_2630,2006,0.5,11.04,139078,Petrol,Individual,Manual,2
Car_2631,2005,0.99,22.99,77561,Diesel,Individual,Manual,0
Car_2632,2012,2.29,16.35,95710,Diesel,Individual,Manual,1
Car_2633,2017,3.71,11.77,97199,Petrol,Individual,Manual,0
Car_2634,2019,10.09,23.52,32326,Petrol,Individual,Manual,1
Car_2635,2012,0.52,3.59,122272,Diesel,Dealer,Automatic,3
Car_2636,2016,2.0,7.23,36139,Petrol,Dealer,Manual,0
Car_2637,2016,4.23,15.23,78638,Petrol,Dealer,Automatic,1
Car_2638,2018,5.9,16.35,77652,Petrol,Individual,Manual,0
Car_2639,2019,1.69,3.39,17937,Diesel,Individual,Automatic,1
Car_2640,2019,5.38,11.57,35161,Petrol,Individual,Automatic,2
Car_2641,2013,3.1,17.11,140455,Diesel,Individual,Automatic,0
Car_2642,2023,14.78,18.21,90856,Diesel,Dealer,Manual,0
Car_2643,2012,2.04,16.86,75043,CNG,Dealer,Manual,1
Car_2644,2023,7.8,9.71,64919,Diesel,Dealer,Manual,1
Car_2645,2010,0.5,4.6,87055,Petrol,Individual,Manual,0
Car_2646,2023,9.44,12.11,90455,Diesel,Dealer,Manual,0
Car_2647,2008,0.5,5.4,43135,CNG,Dealer,Manual,0
Car_2648,2011,2.47,23.82,89677,Petrol,Individual,Manual,0
Car_2649,2008,1.0,13.19,34696,Petrol,Dealer,Manual,1
Car_2650,2016,2.44,9.64,139845,Petrol,Dealer,Manual,0
Car_2651,2017,7.27,19.74,29956,Diesel,Dealer,Manual,1
Car_2652,2007,0.84,13.7,20819,Petrol,Individual,Manual,0
Car_2653,2016,2.52,9.48,6528,Petrol,Dealer,Manual,0
Car_2654,2006,1.2,20.77,132781,Diesel,Individual,Automatic,0
Car_2655,2006,1.13,22.01,91491,Diesel,Dealer,Manual,1
Car_2656,2013,3.3,17.64,49588,Petrol,Individual,Automatic,0
Car_2657,2005,0.5,3.56,104152,Diesel,Individual,Manual,3
Car_2658,2012,2.34,15.24,132872,Diesel,Individual,Automatic,0
Car_2659,2010,2.13,19.67,15119,Petrol,Individual,Manual,0
Car_2660,2010,0.7,5.57,80893,Diesel,Individual,Automatic,0
Car_2661,2022,6.19,7.65,21167,Diesel,Individual,Manual,0
Car_2662,2021,11.88,22.36,115782,CNG,Individual,Automatic,2
Car_2663,2016,0.71,2.95,135775,Diesel,Individual,Manual,2
Car_2664,2010,1.76,19.44,39889,CNG,Individual,Manual,0
Car_2665,2012,1.72,13.16,50678,Petrol,Individual,Manual,1
Car_2666,2023,9.41,12.55,65262,Petrol,Individual,Manual,1
Car_2667,2014,0.5,2.66,140753,Petrol,Dealer,Manual,3
Car_2668,2005,1.02,20.94,85291,Petrol,Individual,Automatic,0
Car_2669,2017,3.7,10.6,71008,Diesel,Individual,Manual,0
Car_2670,2021,7.38,14.67,149762,Petrol,Individual,Manual,1
Car_2671,2007,1.11,17.74,30912,Petrol,Individual,Manual,0
Car_2672,2012,2.67,18.31,11473,Petrol,Dealer,Manual,1
Car_2673,2018,7.79,24.01,104500,Petrol,Dealer,Manual,2
Car_2674,2007,0.99,14.46,43785,Petrol,Individual,Automatic,0
Car_2675,2020,5.27,11.49,105956,Petrol,Dealer,Manual,2
Car_2676,2017,6.62,23.96,124006,Diesel,Dealer,Manual,2
Car_2677,2021,9.76,16.95,15832,Petrol,Individual,Manual,2
Car_2678,2017,2.9,9.21,141457,Diesel,Dealer,Manual,1
Car_2679,2010,0.54,5.35,87747,Diesel,Dealer,Manual,1
Car_2680,2021,13.22,21.46,85107,Diesel,Dealer,Manual,0
Car_2681,2018,3.72,10.65,70428,Petrol,Individual,Manual,2
Car_2682,2021,10.38,17.36,91843,CNG,Dealer,Automatic,0
Car_2683,2012,2.05,13.09,16002,Diesel,Dealer,Manual,0
Car_2684,2015,1.55,6.98,72501,Petrol,Individual,Automatic,0
Car_2685,2005,0.75,16.04,37556,Petrol,Dealer,Manual,1
Car_2686,2011,0.5,3.87,72963,Petrol,Individual,Manual,0
Car_2687,2021,7.9,11.8,11563,Diesel,Dealer,Manual,1
Car_2688,2014,3.0,14.8,10840,Diesel,Individual,Manual,1
Car_2689,2015,2.78,12.31,20154,Petrol,Individual,Manual,0
Car_2690,2013,3.06,19.35,29194,Petrol,Individual,Manual,0
Car_2691,2013,4.58,21.13,28528,Diesel,Dealer,Automatic,0
Car_2692,2009,2.12,19.85,9352,Diesel,Dealer,Manual,0
Car_2693,2021,2.53,3.37,5184,Diesel,Individual,Automatic,0
Car_2694,2013,1.02,6.87,146456,Diesel,Dealer,Manual,0
Car_2695,2021,7.76,14.57,19319,Diesel,Individual,Manual,2
Car_2696,2023,18.67,23.53,125497,Diesel,Dealer,Manual,1
Car_2697,2011,2.24,21.29,61333,Petrol,Individual,Manual,1
Car_2698,2013,3.4,21.46,46205,Petrol,Individual,Manual,0
Car_2699,2011,1.22,9.32,15426,Diesel,Individual,Manual,0
Car_2700,2017,3.75,12.16,12504,Petrol,Dealer,Manual,1
Car_2701,2015,3.02,13.09,121775,Petrol,Dealer,Manual,1
Car_2702,2018,2.41,6.04,38368,Diesel,Individual,Manual,0
Car_2703,2023,2.74,3.2,108841,Diesel,Individual,Manual,0
Car_2704,2015,5.64,23.81,121744,Diesel,Dealer,Automatic,2
Car_2705,2017,2.48,7.92,13724,Petrol,Individual,Manual,0
Car_2706,2018,2.76,7.9,141156,CNG,Dealer,Automatic,0
Car_2707,2017,1.29,4.38,87297,Petrol,Individual,Manual,0
Car_2708,2005,0.92,23.39,130099,Diesel,Dealer,Manual,1
Car_2709,2012,1.77,15.54,83872,Petrol,Individual,Manual,1
Car_2710,2016,4.27,17.51,75333,Petrol,Individual,Manual,0
Car_2711,2023,21.27,23.01,7596,Petrol,Individual,Automatic,0
Car_2712,2016,2.87,10.28,22167,Diesel,Individual,Manual,0
Car_2713,2012,2.2,16.48,92844,Petrol,Dealer,Manual,0
Car_2714,2012,0.5,3.37,94751,Diesel,Individual,Manual,0
Car_2715,2017,1.93,6.7,134817,Petrol,Individual,Manual,0
Car_2716,2016,6.31,21.2,85520,Petrol,Individual,Automatic,0
Car_2717,2020,11.38,19.75,63326,Diesel,Individual,Automatic,1
Car_2718,2005,0.5,10.39,82670,CNG,Individual,Manual,1
Car_2719,2017,2.77,10.98,146854,Petrol,Dealer,Manual,2
Car_2720,2011,2.09,14.5,29022,Diesel,Individual,Automatic,1
Car_2721,2009,0.5,2.51,89458,CNG,Dealer,Manual,3
Car_2722,2012,1.07,7.93,88796,Diesel,Individual,Automatic,3
Car_2723,2018,2.48,7.19,146099,Diesel,Individual,Manual,0
Car_2724,2017,2.37,8.14,115704,Petrol,Dealer,Manual,0
Car_2725,2019,8.93,20.63,139598,Petrol,Individual,Automatic,1
Car_2726,2021,5.44,8.79,49361,Petrol,Dealer,Manual,1
Car_2727,2019,2.74,6.81,43286,Petrol,Dealer,Manual,2
Car_2728,2022,8.98,13.85,34533,Diesel,Individual,Manual,1
Car_2729,2022,13.95,21.98,144771,Petrol,Individual,Manual,0
Car_2730,2006,0.5,7.93,132441,Petrol,Dealer,Manual,0
Car_2731,2008,0.5,4.27,102079,CNG,Individual,Manual,0
Car_2732,2005,0.5,10.52,105960,Diesel,Individual,Manual,2
Car_2733,2008,1.08,19.32,63465,CNG,Dealer,Manual,3
Car_2734,2022,10.67,14.89,28395,Diesel,Individual,Manual,0
Car_2735,2009,1.84,20.88,109162,Petrol,Dealer,Automatic,1
Car_2736,2023,22.36,24.09,135704,Diesel,Individual,Automatic,1
Car_2737,2019,9.47,20.33,80937,Diesel,Dealer,Manual,0
Car_2738,2012,1.87,16.09,134647,Petrol,Dealer,Manual,2
Car_2739,2021,7.45,13.6,125650,Petrol,Dealer,Manual,1
Car_2740,2005,0.5,3.4,135744,Petrol,Dealer,Automatic,0
Car_2741,2016,6.46,24.65,96512,Diesel,Individual,Manual,0
Car_2742,2023,9.86,11.13,144830,Petrol,Dealer,Automatic,0
Car_2743,2019,2.78,5.93,72009,Diesel,Dealer,Manual,0
Car_2744,2013,2.22,17.5,149353,Petrol,Individual,Manual,0
Car_2745,2011,1.06,8.9,37548,Petrol,Individual,Manual,0
Car_2746,2006,0.82,15.68,23371,Petrol,Dealer,Manual,1
Car_2747,2013,2.28,15.7,110977,Petrol,Individual,Manual,1
Car_2748,2014,2.41,12.53,19281,Petrol,Dealer,Manual,1
Car_2749,2006,0.92,21.31,141126,Petrol,Individual,Manual,1
Car_2750,2023,5.79,8.46,105020,Petrol,Dealer,Manual,2
Car_2751,2015,2.16,12.59,112508,CNG,Individual,Manual,2
Car_2752,2017,4.73,14.6,71846,Diesel,Individual,Manual,0
Car_2753,2014,4.3,17.43,99682,Diesel,Dealer,Automatic,0
Car_2754,2018,6.59,20.14,34312,CNG,Individual,Manual,0
Car_2755,2022,7.67,11.38,119186,CNG,Individual,Automatic,1
Car_2756,2023,14.5,17.04,9257,Diesel,Individual,Manual,2
Car_2757,2013,0.87,5.89,31558,Petrol,Individual,Manual,1
Car_2758,2011,2.58,23.48,48188,Diesel,Individual,Manual,1
Car_2759,2007,0.74,11.12,149084,Diesel,Individual,Automatic,1
Car_2760,2010,1.96,18.91,38236,Diesel,Individual,Manual,1
Car_2761,2006,0.5,2.96,50076,Diesel,Individual,Manual,3
Car_2762,2010,0.76,7.12,53402,Petrol,Dealer,Automatic,2
Car_2763,2007,0.63,13.46,99467,CNG,Individual,Manual,1
Car_2764,2020,10.19,22.26,85337,Petrol,Individual,Manual,1
Car_2765,2012,1.85,14.36,120827,Petrol,Individual,Manual,0
Car_2766,2006,1.18,23.42,79264,Petrol,Individual,Automatic,0
Car_2767,2021,8.64,13.39,22335,Petrol,Dealer,Manual,0
Car_2768,2013,2.58,13.54,48773,Petrol,Individual,Automatic,0
Car_2769,2016,1.22,5.19,33570,Petrol,Individual,Manual,3
Car_2770,2007,1.27,20.56,92995,CNG,Individual,Automatic,0
Car_2771,2015,1.74,8.06,45658,Petrol,Individual,Manual,0
Car_2772,2005,0.98,22.74,125640,Diesel,Individual,Manual,0
Car_2773,2017,7.14,22.99,77613,Diesel,Dealer,Manual,0
Car_2774,2019,11.6,23.72,63194,Diesel,Individual,Automatic,2
Car_2775,2009,1.14,14.21,116872,Petrol,Individual,Manual,0
Car_2776,2021,9.15,17.73,113558,Diesel,Dealer,Manual,3
Car_2777,2010,2.06,20.02,73582,Petrol,Dealer,Manual,0
Car_2778,2015,0.94,5.45,148775,Petrol,Individual,Manual,3
Car_2779,2022,12.21,16.02,54456,Diesel,Individual,Automatic,1
Car_2780,2008,0.5,3.27,60491,CNG,Individual,Manual,1
Car_2781,2007,0.88,13.7,13043,Diesel,Individual,Manual,0
Car_2782,2017,1.53,5.98,108212,Petrol,Dealer,Manual,1
Car_2783,2013,1.14,6.62,73340,Petrol,Individual,Automatic,1
Car_2784,2010,1.15,10.71,146248,Petrol,Dealer,Automatic,0
Car_2785,2016,3.49,12.23,140008,Diesel,Individual,Automatic,0
Car_2786,2006,0.77,16.52,36174,Petrol,Dealer,Manual,3
Car_2787,2007,0.5,4.17,87632,Diesel,Dealer,Automatic,0
Car_2788,2007,0.65,13.83,93768,Petrol,Individual,Manual,2
Car_2789,2016,1.64,6.61,130775,Petrol,Dealer,Manual,1
Car_2790,2019,7.08,15.41,113177,Petrol,Individual,Automatic,0
Car_2791,2013,2.81,16.84,30909,Petrol,Dealer,Manual,0
Car_2792,2012,2.45,15.03,49158,Diesel,Dealer,Automatic,3
Car_2793,2015,3.42,19.11,144438,CNG,Dealer,Manual,1
Car_2794,2020,4.7,10.05,129296,Petrol,Individual,Manual,0
Car_2795,2008,1.3,19.71,64331,Petrol,Dealer,Manual,1
Car_2796,2005,0.5,12.24,92367,CNG,Dealer,Manual,0
Car_2797,2011,1.51,13.39,70382,Diesel,Individual,Manual,2
Car_2798,2006,0.84,17.08,79319,CNG,Dealer,Manual,0
Car_2799,2009,0.5,2.91,16170,Petrol,Individual,Automatic,0
Car_2800,2011,1.98,17.21,124952,Petrol,Individual,Automatic,0
Car_2801,2008,1.07,16.42,85145,Petrol,Dealer,Manual,0
Car_2802,2009,0.68,9.47,110626,Petrol,Individual,Manual,1
Car_2803,2005,0.5,4.43,21208,Diesel,Individual,Manual,1
Car_2804,2005,0.5,4.55,145111,Petrol,Individual,Manual,1
Car_2805,2019,10.42,23.27,19990,Diesel,Individual,Manual,1
Car_2806,2023,12.82,18.01,142513,Petrol,Individual,Manual,0
Car_2807,2014,0.96,5.36,134327,Diesel,Dealer,Manual,1
Car_2808,2022,6.89,10.53,84314,Petrol,Individual,Automatic,2
Car_2809,2007,1.02,15.83,31862,Petrol,Individual,Manual,0
Car_2810,2015,4.42,21.3,98949,Diesel,Individual,Manual,0
Car_2811,2019,1.33,3.48,135223,Petrol,Individual,Manual,1
Car_2812,2015,1.84,7.82,8956,Petrol,Individual,Manual,0
Car_2813,2021,12.84,22.52,93789,Petrol,Dealer,Manual,0
Car_2814,2021,1.66,2.71,94451,Diesel,Individual,Manual,1
Car_2815,2010,0.59,7.03,122782,Diesel,Dealer,Manual,2
Car_2816,2009,2.25,24.08,7365,Diesel,Individual,Manual,1
Car_2817,2012,1.77,16.3,77204,CNG,Individual,Manual,1
Car_2818,2006,0.5,8.39,141072,CNG,Dealer,Manual,0
Car_2819,2020,2.35,4.01,62072,Diesel,Individual,Automatic,1
Car_2820,2016,0.87,3.13,57499,Diesel,Individual,Manual,1
Car_2821,2010,0.78,8.01,74211,Diesel,Individual,Manual,0
Car_2822,2005,1.08,22.33,148979,Petrol,Dealer,Automatic,0
Car_2823,2008,0.68,11.86,90220,CNG,Individual,Manual,1
Car_2824,2021,9.63,18.71,98847,Diesel,Individual,Manual,2
Car_2825,2017,5.73,23.16,114459,Petrol,Individual,Manual,1
Car_2826,2022,7.59,11.68,82755,Petrol,Individual,Manual,0
Car_2827,2009,0.52,6.8,73783,Petrol,Individual,Manual,0
Car_2828,2007,0.73,14.14,132851,Petrol,Individual,Manual,0
Car_2829,2015,6.19,22.93,11472,Petrol,Dealer,Automatic,0
Car_2830,2017,5.5,20.6,108152,Petrol,Dealer,Manual,2
Car_2831,2008,0.5,3.98,144334,Petrol,Individual,Manual,1
Car_2832,2018,5.99,18.08,147138,Diesel,Individual,Manual,1
Car_2833,2015,3.43,15.37,12008,Petrol,Individual,Manual,2
Car_2834,2014,4.15,22.92,92851,Petrol,Dealer,Manual,0
Car_2835,2023,4.48,5.26,85799,Petrol,Dealer,Automatic,1
Car_2836,2022,10.57,14.52,21238,Diesel,Individual,Manual,0
Car_2837,2010,1.93,22.29,22153,Petrol,Individual,Manual,0
Car_2838,2019,4.95,11.73,64353,Petrol,Dealer,Manual,0
Car_2839,2014,2.48,13.34,57092,Diesel,Individual,Manual,3
Car_2840,2009,0.5,4.09,54104,Petrol,Dealer,Automatic,0
Car_2841,2009,0.76,8.76,33887,Petrol,Dealer,Manual,0
Car_2842,2014,1.96,9.8,9355,Petrol,Dealer,Manual,1
Car_2843,2009,2.43,23.77,38701,Diesel,Individual,Automatic,0
Car_2844,2007,0.59,8.86,76442,Diesel,Individual,Manual,0
Car_2845,2010,1.39,12.87,17279,Diesel,Dealer,Manual,1
Car_2846,2008,1.41,17.6,125738,Petrol,Individual,Automatic,0
Car_2847,2022,4.52,6.15,144333,Diesel,Dealer,Automatic,2
Car_2848,2013,1.89,13.44,140546,Petrol,Individual,Manual,1
Car_2849,2021,10.53,19.12,96414,Petrol,Individual,Manual,0
Car_2850,2017,7.51,22.0,33390,Petrol,Dealer,Manual,0
Car_2851,2019,7.85,16.59,87174,Diesel,Dealer,Manual,1
Car_2852,2021,10.96,17.55,9787,Petrol,Individual,Manual,0
Car_2853,2017,1.9,5.34,48724,Diesel,Individual,Automatic,1
Car_2854,2020,13.8,23.78,15663,Diesel,Dealer,Manual,1
Car_2855,2008,0.5,5.48,138107,Petrol,Individual,Manual,1
Car_2856,2009,1.58,19.93,105271,Petrol,Individual,Manual,1
Car_2857,2009,0.6,8.46,72388,Petrol,Individual,Manual,2
Car_2858,2013,3.69,23.51,57335,Petrol,Individual,Manual,0
Car_2859,2021,13.11,18.7,48315,Petrol,Individual,Automatic,0
Car_2860,2017,4.36,19.46,109922,CNG,Individual,Manual,1
Car_2861,2006,0.5,7.43,51627,Petrol,Individual,Manual,0
Car_2862,2017,3.54,12.47,144375,Diesel,Individual,Manual,1
Car_2863,2023,14.77,16.4,54334,Petrol,Dealer,Automatic,1
Car_2864,2007,1.42,19.82,70700,Diesel,Individual,Automatic,0
Car_2865,2014,1.14,4.84,44726,Diesel,Dealer,Automatic,0
Car_2866,2006,1.28,24.15,35694,Diesel,Dealer,Manual,1
Car_2867,2017,6.27,22.53,68545,CNG,Individual,Automatic,2
Car_2868,2023,6.86,8.58,11033,Petrol,Individual,Manual,0
Car_2869,2021,12.31,21.01,67461,Petrol,Dealer,Manual,1
Car_2870,2018,6.35,14.16,7665,Diesel,Individual,Automatic,0
Car_2871,2016,4.61,12.89,32025,Diesel,Dealer,Automatic,0
Car_2872,2016,2.97,9.57,82661,Diesel,Dealer,Automatic,0
Car_2873,2015,3.1,15.57,125473,Petrol,Dealer,Manual,0
Car_2874,2011,2.09,18.92,25998,Petrol,Individual,Manual,1
Car_2875,2008,0.84,11.75,66248,Petrol,Individual,Automatic,1
Car_2876,2023,11.5,16.66,109493,Diesel,Individual,Manual,3
Car_2877,2005,0.71,18.23,28057,CNG,Individual,Manual,0
Car_2878,2007,1.06,18.5,84244,Diesel,Individual,Automatic,3
Car_2879,2017,1.02,3.67,102031,Diesel,Individual,Manual,1
Car_2880,2019,11.81,21.84,117713,Diesel,Dealer,Automatic,0
Car_2881,2006,0.79,12.81,110887,Diesel,Individual,Automatic,0
Car_2882,2015,1.6,8.4,72173,Petrol,Individual,Manual,1
Car_2883,2008,0.55,7.94,43734,Diesel,Dealer,Manual,2
Car_2884,2023,11.36,13.37,67072,Petrol,Dealer,Manual,1
Car_2885,2021,14.63,22.45,99194,Diesel,Individual,Automatic,1
Car_2886,2007,0.61,11.01,144741,Petrol,Dealer,Manual,0
Car_2887,2022,13.4,19.37,118272,Diesel,Individual,Manual,0
Car_2888,2012,0.71,4.68,72902,Diesel,Dealer,Manual,0
Car_2889,2023,10.58,13.21,127247,Diesel,Individual,Manual,0
Car_2890,2009,2.1,24.81,61959,Diesel,Dealer,Manual,1
Car_2891,2011,2.17,19.83,101623,Diesel,Individual,Automatic,2
Car_2892,2012,1.1,7.24,136438,Diesel,Individual,Automatic,0
Car_2893,2009,0.98,13.78,53415,Petrol,Individual,Manual,1
Car_2894,2021,4.59,7.76,129716,Diesel,Dealer,Manual,0
Car_2895,2009,0.86,11.72,126209,Petrol,Individual,Manual,0
Car_2896,2008,1.53,20.05,14907,Diesel,Individual,Manual,0
Car_2897,2023,16.73,19.85,100825,Diesel,Individual,Manual,0
Car_2898,2006,0.51,7.63,37780,Diesel,Dealer,Automatic,0
Car_2899,2015,5.71,23.25,40085,Diesel,Individual,Manual,0
Car_2900,2017,4.86,15.83,25426,Diesel,Individual,Manual,0
Car_2901,2019,5.7,11.05,12485,Diesel,Dealer,Manual,0
Car_2902,2016,4.26,13.79,54527,Petrol,Dealer,Automatic,1
Car_2903,2015,3.13,16.11,129604,CNG,Dealer,Manual,0
Car_2904,2011,1.74,15.1,96005,Diesel,Dealer,Manual,3
Car_2905,2009,1.02,13.44,63528,Petrol,Individual,Manual,2
Car_2906,2021,7.22,13.86,125631,Diesel,Individual,Manual,2
Car_2907,2013,1.21,6.47,32799,Diesel,Dealer,Manual,1
Car_2908,2018,5.89,20.79,143518,CNG,Individual,Manual,1
Car_2909,2016,3.71,14.69,99817,Diesel,Individual,Manual,0
Car_2910,2010,0.63,5.45,63260,Petrol,Dealer,Automatic,1
Car_2911,2021,14.73,19.74,17943,Petrol,Individual,Automatic,0
Car_2912,2023,17.84,23.48,146378,Diesel,Dealer,Manual,0
Car_2913,2023,21.45,23.81,126401,Diesel,Individual,Automatic,0
Car_2914,2020,6.03,10.8,32371,Diesel,Dealer,Manual,0
Car_2915,2016,1.46,5.55,103746,Petrol,Individual,Automatic,0
Car_2916,2016,3.28,14.16,106248,Diesel,Dealer,Manual,3
Car_2917,2010,0.5,5.03,140008,Diesel,Individual,Manual,0
Car_2918,2008,1.56,23.51,30727,Petrol,Individual,Manual,2
Car_2919,2010,0.65,6.63,119000,Petrol,Dealer,Manual,0
Car_2920,2015,1.69,8.19,68969,Petrol,Individual,Manual,1
Car_2921,2005,0.5,11.65,73531,Petrol,Dealer,Manual,1
Car_2922,2019,4.82,11.12,44097,Petrol,Individual,Manual,1
Car_2923,2015,5.92,20.38,55859,Petrol,Dealer,Automatic,0
Car_2924,2023,10.76,12.77,61790,Diesel,Individual,Manual,1
Car_2925,2022,5.01,6.34,70696,Petrol,Dealer,Automatic,0
Car_2926,2021,5.95,8.51,20648,Petrol,Dealer,Automatic,1
Car_2927,2023,11.06,13.96,66779,Petrol,Dealer,Manual,1
Car_2928,2018,2.12,5.82,111371,Petrol,Dealer,Manual,0
Car_2929,2022,11.62,16.26,41672,Diesel,Individual,Manual,0
Car_2930,2023,14.47,15.23,74109,Petrol,Dealer,Automatic,0
Car_2931,2019,7.73,18.58,39593,Diesel,Individual,Manual,2
Car_2932,2019,10.46,23.6,149858,Diesel,Individual,Automatic,1
Car_2933,2008,2.03,23.03,14815,Petrol,Dealer,Automatic,0
Car_2934,2011,3.24,23.79,149866,Diesel,Individual,Automatic,0
Car_2935,2017,3.07,8.01,26302,Diesel,Individual,Manual,0
Car_2936,2007,0.5,5.46,90140,Petrol,Individual,Manual,0
Car_2937,2020,5.09,9.3,78356,Diesel,Individual,Automatic,1
Car_2938,2013,4.44,22.64,54282,Diesel,Dealer,Automatic,1
Car_2939,2012,3.29,24.37,133451,Diesel,Dealer,Manual,1
Car_2940,2017,5.55,21.83,126347,Petrol,Individual,Manual,2
Car_2941,2021,2.62,4.98,28814,CNG,Individual,Manual,1
Car_2942,2021,12.58,23.82,86673,Petrol,Individual,Manual,1
Car_2943,2021,8.53,12.03,56940,Petrol,Dealer,Automatic,1
Car_2944,2005,0.5,2.71,91796,Petrol,Individual,Manual,1
Car_2945,2012,1.72,12.45,41476,Diesel,Individual,Manual,2
Car_2946,2023,2.58,3.54,137841,Diesel,Dealer,Manual,1
Car_2947,2010,1.61,14.74,47278,Petrol,Individual,Automatic,0
Car_2948,2007,0.57,10.12,20634,Petrol,Individual,Manual,2
Car_2949,2009,1.02,13.15,131259,Diesel,Individual,Manual,1
Car_2950,2017,4.35,16.3,147037,CNG,Individual,Manual,0
Car_2951,2019,8.88,22.05,57196,Petrol,Individual,Manual,1
Car_2952,2018,7.11,17.39,103679,Diesel,Dealer,Manual,0
Car_2953,2020,5.1,12.27,135861,Petrol,Individual,Manual,2
Car_2954,2022,13.64,20.94,24420,Diesel,Dealer,Manual,3
Car_2955,2015,5.6,22.88,11218,Diesel,Individual,Manual,0
Car_2956,2007,0.5,5.19,129283,Petrol,Individual,Automatic,2
Car_2957,2014,2.89,14.47,69057,Diesel,Individual,Manual,1
Car_2958,2014,1.46,8.9,83609,CNG,Dealer,Manual,1
Car_2959,2020,1.57,3.56,147298,Petrol,Individual,Manual,0
Car_2960,2016,4.29,17.54,128108,Petrol,Dealer,Manual,0
Car_2961,2006,1.22,21.91,15046,Petrol,Dealer,Manual,0
Car_2962,2013,1.08,6.17,122462,Petrol,Individual,Automatic,0
Car_2963,2007,1.23,20.78,114345,Diesel,Individual,Manual,1
Car_2964,2019,9.4,21.7,42117,Petrol,Individual,Automatic,2
Car_2965,2007,1.04,23.07,134980,Diesel,Individual,Manual,3
Car_2966,2023,6.58,8.47,141037,Petrol,Dealer,Manual,0
Car_2967,2022,18.01,22.84,22373,CNG,Dealer,Automatic,0
Car_2968,2012,1.19,9.71,50452,Petrol,Individual,Manual,2
Car_2969,2021,9.06,14.93,11654,Petrol,Individual,Manual,0
Car_2970,2012,0.5,3.64,128319,Petrol,Individual,Automatic,2
Car_2971,2011,0.5,3.49,110646,Diesel,Individual,Manual,1
Car_2972,2011,2.2,18.71,31583,Petrol,Dealer,Manual,1
Car_2973,2007,0.68,12.5,99242,Petrol,Individual,Manual,0
Car_2974,2005,0.5,8.27,142432,Diesel,Individual,Automatic,0
Car_2975,2008,0.54,6.78,58968,Diesel,Dealer,Manual,0
Car_2976,2009,1.37,17.57,139815,Diesel,Individual,Manual,0
Car_2977,2005,0.5,2.51,143231,Petrol,Individual,Automatic,1
Car_2978,2019,7.57,20.63,136590,Petrol,Individual,Manual,0
Car_2979,2009,0.5,4.28,21652,Diesel,Dealer,Manual,1
Car_2980,2017,2.0,6.81,118114,Petrol,Individual,Automatic,2
Car_2981,2012,1.4,11.19,107489,Petrol,Dealer,Manual,0
Car_2982,2012,1.77,13.41,82001,Petrol,Dealer,Manual,1
Car_2983,2009,0.69,10.49,129269,CNG,Individual,Manual,2
Car_2984,2013,1.9,9.72,81757,Petrol,Dealer,Automatic,0
Car_2985,2005,1.19,24.19,29395,Diesel,Dealer,Manual,0
Car_2986,2008,1.18,16.94,138407,Petrol,Individual,Automatic,1
Car_2987,2007,0.5,3.03,106978,Diesel,Individual,Manual,1
Car_2988,2006,0.54,12.18,136572,Diesel,Individual,Manual,1
Car_2989,2012,2.81,22.19,129541,Petrol,Dealer,Manual,0
Car_2990,2013,1.39,9.28,13083,Petrol,Individual,Manual,0
Car_2991,2006,0.5,4.63,111598,Diesel,Individual,Manual,0
Car_2992,2018,7.39,19.56,141615,Petrol,Individual,Automatic,0
Car_2993,2018,5.68,16.14,101171,Diesel,Individual,Manual,1
Car_2994,2008,1.14,15.33,125423,Diesel,Dealer,Manual,1
Car_2995,2010,0.5,3.71,11613,Diesel,Individual,Automatic,1
Car_2996,2015,1.17,5.66,115033,Petrol,Individual,Manual,0
Car_2997,2007,1.1,16.51,81202,Petrol,Dealer,Automatic,0
Car_2998,2012,0.91,7.18,90666,Diesel,Individual,Manual,1
Car_2999,2007,0.8,13.84,27068,Petrol,Dealer,Manual,1
Car_3000,2018,5.08,14.76,54057,CNG,Individual,Automatic,2
Car_3001,2017,2.97,8.88,23946,CNG,Dealer,Automatic,0
Car_3002,2017,6.45,23.84,90237,Petrol,Dealer,Manual,1
Car_3003,2006,1.1,21.46,10769,Petrol,Individual,Manual,1
Car_3004,2017,4.98,18.75,66340,Petrol,Individual,Manual,3
Car_3005,2023,2.62,4.25,84199,CNG,Dealer,Manual,3
Car_3006,2010,0.5,4.89,109222,Petrol,Individual,Automatic,3
Car_3007,2020,6.59,13.59,38434,Petrol,Individual,Manual,2
Car_3008,2006,0.5,6.12,27102,Diesel,Individual,Automatic,1
Car_3009,2012,3.4,24.51,26536,Petrol,Dealer,Manual,0
Car_3010,2021,3.4,6.07,109639,Petrol,Individual,Manual,1
Car_3011,2006,0.85,13.47,55775,Petrol,Dealer,Automatic,0
Car_3012,2014,2.37,10.69,36147,Diesel,Individual,Manual,0
Car_3013,2020,9.01,16.89,55526,Petrol,Individual,Automatic,1
Car_3014,2010,0.5,5.4,109663,Diesel,Individual,Manual,1
Car_3015,2006,0.62,12.18,117180,Diesel,Dealer,Manual,1
Car_3016,2006,0.5,8.68,129233,Diesel,Individual,Manual,0
Car_3017,2017,9.03,22.47,28088,Diesel,Dealer,Automatic,1
Car_3018,2019,1.23,3.41,73464,Petrol,Individual,Manual,2
Car_3019,2006,1.12,23.06,110921,Petrol,Dealer,Manual,1
Car_3020,2011,2.53,21.24,64998,Petrol,Individual,Manual,1
Car_3021,2007,0.58,9.2,45382,Diesel,Dealer,Manual,1
Car_3022,2012,2.63,20.26,33184,Petrol,Dealer,Manual,2
Car_3023,2018,1.13,3.2,42739,Petrol,Individual,Manual,0
Car_3024,2011,2.52,24.25,132937,Petrol,Individual,Manual,0
Car_3025,2011,1.47,14.35,144461,Petrol,Individual,Manual,0
Car_3026,2005,0.57,9.32,22352,Diesel,Dealer,Automatic,0
Car_3027,2021,7.74,10.66,131788,Diesel,Dealer,Automatic,0
Car_3028,2013,0.55,3.99,122843,Petrol,Individual,Manual,1
Car_3029,2017,8.31,24.76,36828,Diesel,Individual,Manual,0
Car_3030,2023,2.75,3.38,73040,Petrol,Dealer,Manual,0
Car_3031,2023,15.26,17.24,99279,Diesel,Individual,Manual,0
Car_3032,2021,6.72,12.46,99430,Diesel,Individual,Automatic,2
Car_3033,2014,3.77,23.85,120957,Petrol,Individual,Manual,1
Car_3034,2014,1.66,8.03,22748,Petrol,Dealer,Manual,0
Car_3035,2008,1.26,14.47,93636,Diesel,Individual,Automatic,0
Car_3036,2012,1.72,13.35,120158,CNG,Dealer,Manual,0
Car_3037,2022,13.37,18.31,15246,Diesel,Individual,Manual,1
Car_3038,2018,1.49,4.03,64395,Diesel,Dealer,Manual,1
Car_3039,2022,4.55,6.86,55300,Diesel,Individual,Manual,2
Car_3040,2018,2.56,7.33,139158,Diesel,Individual,Manual,1
Car_3041,2019,7.83,19.11,19860,Diesel,Individual,Manual,2
Car_3042,2008,0.5,6.76,22013,Petrol,Individual,Manual,0
Car_3043,2017,4.66,15.4,143479,Diesel,Individual,Automatic,2
Car_3044,2012,1.09,7.34,38542,Diesel,Individual,Manual,1
Car_3045,2022,16.38,21.89,29935,Diesel,Dealer,Manual,0
Car_3046,2016,5.6,23.7,54079,Petrol,Dealer,Manual,0
Car_3047,2018,4.85,14.17,39111,Petrol,Individual,Manual,1
Car_3048,2006,0.58,10.43,61550,Diesel,Individual,Manual,0
Car_3049,2022,5.15,7.77,81955,Diesel,Individual,Manual,1
Car_3050,2006,0.5,3.62,45565,CNG,Dealer,Manual,1
Car_3051,2015,1.99,8.54,24283,Petrol,Individual,Manual,0
Car_3052,2013,2.75,17.22,71470,Petrol,Dealer,Manual,0
Car_3053,2016,3.55,14.51,91916,Petrol,Individual,Automatic,3
Car_3054,2021,14.91,23.74,84552,Diesel,Dealer,Manual,0
Car_3055,2019,4.96,11.42,43233,Petrol,Individual,Automatic,0
Car_3056,2021,10.11,18.11,27695,CNG,Individual,Manual,0
Car_3057,2022,7.41,13.51,131440,Petrol,Individual,Manual,3
Car_3058,2010,1.41,14.03,86257,Diesel,Dealer,Manual,1
Car_3059,2021,6.4,8.52,6505,Diesel,Dealer,Automatic,0
Car_3060,2022,10.71,12.74,141435,Diesel,Individual,Automatic,0
Car_3061,2012,2.08,13.09,48614,Petrol,Individual,Automatic,0
Car_3062,2013,3.72,18.4,6010,Diesel,Dealer,Automatic,0
Car_3063,2010,2.23,23.66,135560,Petrol,Individual,Manual,1
Car_3064,2009,0.82,9.91,145441,Petrol,Individual,Automatic,0
Car_3065,2016,1.01,3.45,74393,Petrol,Individual,Automatic,1
Car_3066,2015,3.28,13.67,69512,Diesel,Dealer,Manual,1
Car_3067,2005,0.74,14.75,103026,Petrol,Dealer,Automatic,0
Car_3068,2015,1.12,6.29,80656,CNG,Individual,Manual,3
Car_3069,2023,15.63,19.61,102686,Petrol,Individual,Automatic,0
Car_3070,2013,4.78,24.66,20489,Petrol,Individual,Automatic,0
Car_3071,2006,1.21,23.78,64789,Petrol,Individual,Automatic,2
Car_3072,2016,2.55,6.93,74925,Diesel,Dealer,Automatic,0
Car_3073,2008,1.48,22.2,54703,Petrol,Dealer,Manual,0
Car_3074,2008,1.44,18.35,81625,Diesel,Dealer,Manual,0
Car_3075,2022,8.97,12.71,112535,Diesel,Individual,Manual,0
Car_3076,2019,4.9,14.66,8051,CNG,Individual,Manual,3
Car_3077,2023,18.4,21.62,33805,Petrol,Dealer,Manual,0
Car_3078,2017,3.94,13.3,99978,Petrol,Dealer,Manual,0
Car_3079,2023,8.14,10.9,49557,Diesel,Individual,Manual,2
Car_3080,2021,8.52,13.6,138627,Diesel,Individual,Automatic,0
Car_3081,2010,1.55,15.53,55241,Petrol,Individual,Automatic,2
Car_3082,2020,3.58,6.75,132838,Diesel,Dealer,Manual,0
Car_3083,2016,5.58,22.77,70994,Petrol,Individual,Manual,0
Car_3084,2023,13.25,17.67,119005,Diesel,Dealer,Manual,0
Car_3085,2009,1.5,16.75,21066,Petrol,Dealer,Manual,0
Car_3086,2021,2.66,4.74,140793,Petrol,Dealer,Manual,0
Car_3087,2005,0.8,16.09,82982,Petrol,Dealer,Automatic,0
Car_3088,2014,1.05,5.22,11304,Diesel,Individual,Manual,1
Car_3089,2019,2.0,4.27,47967,CNG,Individual,Automatic,0
Car_3090,2015,3.19,14.36,83763,Petrol,Dealer,Manual,0
Car_3091,2017,3.98,11.56,45462,Diesel,Individual,Manual,0
Car_3092,2009,1.51,15.75,125356,Diesel,Dealer,Automatic,1
Car_3093,2005,0.5,4.51,76834,Diesel,Individual,Manual,0
Car_3094,2016,3.26,12.2,116023,Petrol,Dealer,Manual,0
Car_3095,2015,1.36,6.43,122771,Diesel,Individual,Automatic,2
Car_3096,2021,13.11,24.71,80842,Petrol,Dealer,Manual,0
Car_3097,2008,1.12,15.13,7589,Petrol,Individual,Manual,0
Car_3098,2019,7.71,17.97,130023,Diesel,Individual,Manual,0
Car_3099,2013,1.97,9.82,59918,Diesel,Individual,Automatic,0
Car_3100,2023,3.39,4.63,149673,Diesel,Dealer,Manual,1
Car_3101,2023,21.87,24.46,12711,CNG,Individual,Automatic,0
Car_3102,2016,2.26,8.94,64430,Diesel,Individual,Manual,0
Car_3103,2009,0.95,12.04,107605,Petrol,Individual,Manual,0
Car_3104,2014,2.85,17.12,8970,Petrol,Individual,Manual,3
Car_3105,2021,1.93,3.06,74535,Diesel,Individual,Manual,0
Car_3106,2009,1.49,20.73,91570,CNG,Individual,Manual,1
Car_3107,2020,6.28,14.57,126315,CNG,Individual,Manual,0
Car_3108,2011,0.94,8.76,117111,Diesel,Dealer,Manual,1
Car_3109,2013,0.62,3.89,46730,Diesel,Individual,Manual,1
Car_3110,2007,0.5,6.16,149457,Diesel,Individual,Automatic,0
Car_3111,2019,8.03,22.64,128252,Petrol,Dealer,Manual,0
Car_3112,2020,10.06,17.94,142022,Petrol,Dealer,Automatic,0
Car_3113,2022,7.0,8.12,68944,Diesel,Individual,Automatic,0
Car_3114,2018,1.37,3.98,112437,Diesel,Individual,Manual,0
Car_3115,2007,0.92,18.04,131794,CNG,Dealer,Manual,0
Car_3116,2016,3.86,15.38,77123,Petrol,Individual,Manual,0
Car_3117,2013,2.39,11.6,27880,Diesel,Dealer,Automatic,0
Car_3118,2011,1.27,10.68,92829,Diesel,Individual,Manual,1
Car_3119,2013,1.3,7.38,137633,Diesel,Individual,Automatic,0
Car_3120,2017,5.33,17.57,58205,Petrol,Dealer,Manual,0
Car_3121,2022,18.82,24.34,111948,Diesel,Individual,Automatic,1
Car_3122,2009,0.54,6.45,64810,Diesel,Dealer,Manual,1
Car_3123,2017,5.21,15.94,118089,Diesel,Individual,Automatic,2
Car_3124,2008,0.81,12.04,69482,Diesel,Individual,Manual,2
Car_3125,2006,0.7,12.55,74192,Diesel,Dealer,Manual,1
Car_3126,2020,4.09,8.22,92154,Petrol,Individual,Manual,0
Car_3127,2013,2.85,21.07,91066,Petrol,Individual,Manual,1
Car_3128,2013,2.0,13.42,133514,Diesel,Individual,Manual,1
Car_3129,2010,1.45,14.73,37977,Petrol,Dealer,Manual,1
Car_3130,2015,1.96,9.36,9983,CNG,Individual,Manual,0
Car_3131,2005,0.5,6.59,54029,Petrol,Individual,Manual,1
Car_3132,2008,0.5,4.43,127668,Petrol,Dealer,Manual,1
Car_3133,2017,5.98,18.57,47837,Diesel,Dealer,Manual,0
Car_3134,2017,2.18,6.92,122512,Petrol,Dealer,Automatic,1
Car_3135,2017,5.59,18.03,71786,Diesel,Individual,Manual,0
Car_3136,2006,0.6,11.28,9758,Diesel,Individual,Manual,1
Car_3137,2013,1.68,11.85,107667,Petrol,Individual,Manual,1
Car_3138,2012,1.77,13.06,113119,CNG,Dealer,Automatic,0
Car_3139,2011,1.08,10.77,105157,Petrol,Individual,Manual,2
Car_3140,2008,0.5,4.76,87673,Diesel,Dealer,Automatic,2
Car_3141,2022,6.5,9.47,102639,Petrol,Dealer,Manual,0
Car_3142,2007,1.13,17.43,137940,Petrol,Individual,Automatic,0
Car_3143,2010,1.62,17.48,119869,Diesel,Dealer,Manual,1
Car_3144,2016,3.08,8.94,24728,Diesel,Individual,Automatic,0
Car_3145,2016,3.34,12.85,108542,Petrol,Individual,Manual,0
Car_3146,2012,0.96,6.85,98565,Diesel,Individual,Manual,1
Car_3147,2005,0.5,7.23,130019,Diesel,Individual,Manual,3
Car_3148,2008,0.5,3.02,141352,Diesel,Individual,Automatic,0
Car_3149,2015,6.16,22.68,107548,Petrol,Dealer,Automatic,0
Car_3150,2007,0.5,7.24,138236,Diesel,Individual,Automatic,1
Car_3151,2017,2.27,7.62,126289,Diesel,Individual,Manual,1
Car_3152,2021,4.41,8.79,134068,Diesel,Individual,Manual,2
Car_3153,2014,0.87,5.37,84624,CNG,Dealer,Manual,0
Car_3154,2016,4.5,16.88,7821,Petrol,Dealer,Manual,1
Car_3155,2019,1.95,4.19,60090,Petrol,Individual,Automatic,0
Car_3156,2014,0.92,5.52,146545,Petrol,Dealer,Manual,1
Car_3157,2018,5.56,17.01,51454,Petrol,Dealer,Manual,0
Car_3158,2017,2.79,10.14,109273,Petrol,Dealer,Manual,2
Car_3159,2009,1.67,18.43,109472,Diesel,Individual,Automatic,1
Car_3160,2010,1.25,15.04,136935,Petrol,Individual,Manual,2
Car_3161,2006,0.5,8.26,21148,Petrol,Individual,Automatic,0
Car_3162,2021,10.37,17.14,91545,Petrol,Dealer,Manual,1
Car_3163,2008,0.5,5.12,59459,Petrol,Dealer,Automatic,3
Car_3164,2018,4.53,14.57,89224,Petrol,Individual,Manual,2
Car_3165,2014,2.08,12.34,71189,Diesel,Individual,Manual,2
Car_3166,2007,0.56,8.53,144201,Petrol,Dealer,Automatic,0
Car_3167,2007,0.9,16.09,96954,CNG,Dealer,Manual,0
Car_3168,2019,9.73,22.11,28118,Petrol,Dealer,Manual,0
Car_3169,2010,2.22,24.98,136515,CNG,Dealer,Manual,0
Car_3170,2021,8.74,16.17,94379,Petrol,Individual,Manual,0
Car_3171,2016,4.03,11.61,26053,Diesel,Dealer,Automatic,1
Car_3172,2015,1.58,7.57,101384,Diesel,Dealer,Manual,1
Car_3173,2008,0.67,8.28,122545,Diesel,Dealer,Automatic,1
Car_3174,2010,1.45,13.29,131675,Diesel,Dealer,Manual,1
Car_3175,2005,0.5,10.76,98749,CNG,Individual,Manual,0
Car_3176,2020,11.01,23.06,144363,Diesel,Dealer,Manual,2
Car_3177,2019,6.21,10.79,21285,Diesel,Dealer,Automatic,0
Car_3178,2021,7.64,10.9,66589,Diesel,Individual,Automatic,0
Car_3179,2012,1.77,11.13,18944,Diesel,Individual,Manual,0
Car_3180,2016,5.16,21.32,106041,Diesel,Individual,Manual,2
Car_3181,2014,3.09,17.14,93876,Petrol,Dealer,Automatic,3
Car_3182,2019,7.79,16.32,100561,Diesel,Individual,Automatic,0
Car_3183,2013,1.78,10.02,59391,Petrol,Individual,Automatic,0
Car_3184,2006,1.19,20.9,6607,Diesel,Dealer,Manual,1
Car_3185,2009,0.5,3.36,7953,Petrol,Dealer,Manual,1
Car_3186,2010,1.97,22.09,49941,Petrol,Individual,Manual,1
Car_3187,2011,1.72,14.04,66683,Diesel,Individual,Manual,0
Car_3188,2005,0.53,11.46,114588,Diesel,Individual,Automatic,1
Car_3189,2011,1.45,13.69,127080,Petrol,Individual,Manual,0
Car_3190,2016,5.92,17.52,16154,Petrol,Individual,Automatic,0
Car_3191,2020,1.38,2.79,130542,Petrol,Dealer,Manual,0
Car_3192,2020,9.57,22.11,145119,Diesel,Individual,Manual,2
Car_3193,2015,2.48,12.55,93529,Petrol,Individual,Manual,0
Car_3194,2008,0.77,10.22,19323,Diesel,Individual,Manual,1
Car_3195,2017,2.13,5.61,42693,Diesel,Dealer,Manual,0
Car_3196,2011,1.24,12.39,94170,CNG,Dealer,Manual,0
Car_3197,2008,0.84,13.67,50111,Petrol,Individual,Automatic,3
Car_3198,2019,5.24,11.58,44491,Petrol,Dealer,Manual,0
Car_3199,2023,16.88,17.77,54336,Diesel,Dealer,Automatic,2
Car_3200,2013,2.44,11.97,21905,Diesel,Dealer,Automatic,2
Car_3201,2015,6.7,24.13,35273,Petrol,Dealer,Automatic,1
Car_3202,2012,2.3,15.98,130191,Diesel,Individual,Automatic,0
Car_3203,2005,0.73,20.67,120936,Petrol,Individual,Manual,2
Car_3204,2012,0.63,4.96,71538,Petrol,Dealer,Manual,2
Car_3205,2017,2.82,11.44,109570,Petrol,Individual,Automatic,3
Car_3206,2008,0.65,10.08,98339,Diesel,Individual,Manual,2
Car_3207,2012,1.85,15.31,126132,Petrol,Individual,Manual,0
Car_3208,2007,1.29,21.88,133993,Petrol,Individual,Automatic,1
Car_3209,2013,0.71,4.26,16330,Petrol,Individual,Manual,0
Car_3210,2006,0.5,4.13,77553,Diesel,Dealer,Automatic,0
Car_3211,2006,1.03,21.63,88537,Diesel,Individual,Manual,1
Car_3212,2017,2.47,7.29,65985,Petrol,Individual,Automatic,1
Car_3213,2019,7.86,17.55,22044,Petrol,Individual,Automatic,1
Car_3214,2016,3.29,14.71,127304,Petrol,Dealer,Manual,2
Car_3215,2008,1.4,21.24,141322,Diesel,Individual,Manual,0
Car_3216,2012,0.76,5.31,28289,Petrol,Individual,Manual,0
Car_3217,2013,0.87,5.42,38087,Diesel,Individual,Manual,0
Car_3218,2009,1.38,15.03,80952,Petrol,Individual,Automatic,0
Car_3219,2022,17.57,23.79,41368,Petrol,Dealer,Manual,0
Car_3220,2015,2.3,11.84,125648,Petrol,Dealer,Manual,2
Car_3221,2019,4.37,9.86,75815,Diesel,Individual,Manual,1
Car_3222,2013,2.89,16.15,95693,Diesel,Dealer,Manual,0
Car_3223,2021,12.68,23.44,63900,CNG,Individual,Manual,0
Car_3224,2016,5.6,21.33,20494,Petrol,Individual,Automatic,1
Car_3225,2011,2.72,24.9,121486,Petrol,Individual,Manual,0
Car_3226,2014,0.62,3.01,38050,Diesel,Individual,Manual,1
Car_3227,2014,0.92,5.04,102799,Diesel,Individual,Manual,0
Car_3228,2017,6.2,16.21,136016,Diesel,Dealer,Automatic,0
Car_3229,2023,16.04,20.96,93257,Petrol,Individual,Manual,1
Car_3230,2015,1.79,8.92,53070,Petrol,Individual,Manual,1
Car_3231,2017,2.44,7.88,10166,Petrol,Individual,Manual,0
Car_3232,2012,2.47,20.21,143193,Diesel,Individual,Automatic,3
Car_3233,2012,0.55,3.77,92409,Diesel,Individual,Manual,0
Car_3234,2008,0.8,10.81,42664,Diesel,Individual,Manual,0
Car_3235,2019,4.89,13.88,134926,Petrol,Individual,Manual,1
Car_3236,2015,4.05,15.11,6293,Diesel,Individual,Automatic,1
Car_3237,2015,4.1,18.89,54212,Petrol,Dealer,Manual,0
Car_3238,2005,0.52,10.48,80276,Petrol,Dealer,Automatic,1
Car_3239,2021,8.91,16.29,17559,CNG,Individual,Manual,0
Car_3240,2019,6.26,15.67,70231,Diesel,Individual,Manual,3
Car_3241,2010,1.66,14.82,113277,Diesel,Individual,Automatic,1
Car_3242,2019,8.96,16.91,26747,Diesel,Dealer,Manual,0
Car_3243,2013,1.28,8.34,5037,Petrol,Individual,Manual,0
Car_3244,2018,1.42,4.4,109294,Diesel,Individual,Manual,1
Car_3245,2022,3.45,5.18,102847,Diesel,Individual,Manual,1
Car_3246,2021,4.3,7.55,108742,Petrol,Individual,Automatic,2
Car_3247,2022,10.88,13.75,53503,Diesel,Dealer,Automatic,2
Car_3248,2009,2.43,21.41,33207,Diesel,Individual,Automatic,0
Car_3249,2013,2.98,18.28,38241,Petrol,Individual,Automatic,2
Car_3250,2015,4.53,20.25,136130,Petrol,Individual,Automatic,1
Car_3251,2005,0.5,10.4,101171,Petrol,Individual,Automatic,0
Car_3252,2022,7.69,11.6,122302,Diesel,Dealer,Manual,1
Car_3253,2010,1.19,11.36,77832,Diesel,Individual,Manual,0
Car_3254,2006,0.5,6.82,26383,Diesel,Dealer,Automatic,0
Car_3255,2019,1.5,3.88,129291,Petrol,Dealer,Manual,2
Car_3256,2018,7.38,15.8,7674,Diesel,Individual,Automatic,1
Car_3257,2009,1.62,24.76,119100,Diesel,Individual,Manual,2
Car_3258,2010,0.53,6.25,114369,Petrol,Individual,Manual,0
Car_3259,2010,0.5,3.55,27820,Diesel,Individual,Manual,0
Car_3260,2022,15.52,20.04,48794,Diesel,Individual,Manual,0
Car_3261,2018,3.08,8.18,138148,Petrol,Individual,Automatic,0
Car_3262,2014,3.13,21.17,133544,Petrol,Individual,Manual,3
Car_3263,2018,8.56,18.34,42555,Diesel,Dealer,Manual,0
Car_3264,2017,7.29,23.78,37406,Diesel,Individual,Manual,1
Car_3265,2007,0.78,11.7,45262,Diesel,Dealer,Manual,1
Car_3266,2010,1.75,17.39,96320,Diesel,Dealer,Manual,1
Car_3267,2012,2.03,12.96,35284,Petrol,Individual,Automatic,1
Car_3268,2016,4.71,16.69,95627,Petrol,Individual,Automatic,1
Car_3269,2017,3.86,12.62,94023,Diesel,Individual,Manual,1
Car_3270,2015,1.92,6.74,46516,Petrol,Dealer,Automatic,0
Car_3271,2016,4.19,13.93,20577,Diesel,Individual,Automatic,3
Car_3272,2005,0.59,14.39,20015,Petrol,Individual,Manual,2
Car_3273,2021,12.02,20.74,96104,Petrol,Dealer,Manual,0
Car_3274,2020,8.44,19.05,119412,Petrol,Individual,Manual,1
Car_3275,2015,3.18,17.44,96740,Petrol,Individual,Manual,1
Car_3276,2017,1.49,5.05,71640,Diesel,Dealer,Manual,2
Car_3277,2022,11.73,18.71,88190,Petrol,Individual,Manual,0
Car_3278,2015,2.64,13.76,134516,CNG,Dealer,Manual,1
Car_3279,2016,7.38,22.62,139718,Diesel,Dealer,Automatic,0
Car_3280,2010,2.7,23.2,92007,Petrol,Dealer,Automatic,0
Car_3281,2013,0.56,3.74,52728,Petrol,Individual,Manual,1
Car_3282,2020,11.55,20.96,19878,Diesel,Individual,Automatic,2
Car_3283,2008,0.5,3.35,133925,Petrol,Individual,Automatic,1
Car_3284,2007,0.62,10.76,14145,CNG,Individual,Manual,1
Car_3285,2020,7.46,14.7,93578,Diesel,Dealer,Manual,1
Car_3286,2016,1.4,5.83,23226,Petrol,Individual,Manual,2
Car_3287,2015,4.7,19.29,7802,Diesel,Individual,Manual,0
Car_3288,2009,0.5,2.69,29119,Petrol,Dealer,Manual,0
Car_3289,2022,3.92,6.29,68560,Petrol,Dealer,Manual,2
Car_3290,2023,11.94,15.57,62353,CNG,Dealer,Manual,0
Car_3291,2010,1.57,18.57,128001,Petrol,Individual,Manual,0
Car_3292,2022,18.44,23.12,76641,Diesel,Individual,Automatic,1
Car_3293,2010,1.95,18.37,56712,CNG,Individual,Automatic,1
Car_3294,2008,1.39,17.62,135085,Petrol,Dealer,Automatic,0
Car_3295,2016,3.13,11.37,73285,Petrol,Individual,Automatic,2
Car_3296,2023,2.26,2.53,120278,Petrol,Individual,Automatic,0
Car_3297,2006,0.5,5.2,29512,Petrol,Dealer,Manual,0
Car_3298,2021,9.16,14.53,107077,Petrol,Individual,Automatic,0
Car_3299,2015,4.91,17.69,7064,Diesel,Individual,Automatic,0
Car_3300,2015,2.67,11.89,100614,Diesel,Individual,Manual,1
Car_3301,2020,10.07,18.94,122639,Diesel,Dealer,Manual,0
Car_3302,2006,0.73,14.24,35011,Petrol,Dealer,Manual,2
Car_3303,2006,0.5,4.17,76152,Diesel,Dealer,Manual,1
Car_3304,2012,0.94,6.82,15960,Diesel,Individual,Manual,0
Car_3305,2017,5.77,21.4,126789,Petrol,Individual,Manual,0
Car_3306,2014,4.19,18.81,63920,Petrol,Individual,Automatic,0
Car_3307,2012,3.1,22.63,26387,Petrol,Dealer,Manual,1
Car_3308,2008,0.5,5.15,68960,CNG,Individual,Manual,0
Car_3309,2019,11.06,24.78,127994,Diesel,Dealer,Manual,1
Car_3310,2005,0.5,7.21,37628,Diesel,Dealer,Automatic,0
Car_3311,2015,0.69,2.77,126269,Diesel,Dealer,Automatic,2
Car_3312,2011,2.66,24.94,52452,Diesel,Dealer,Manual,1
Car_3313,2021,4.6,8.82,46098,Petrol,Individual,Manual,2
Car_3314,2022,12.39,17.53,91861,Diesel,Dealer,Manual,1
Car_3315,2016,2.1,6.48,32949,Diesel,Individual,Automatic,1
Car_3316,2013,2.64,15.56,78537,Petrol,Individual,Automatic,1
Car_3317,2009,1.55,22.84,121003,CNG,Individual,Automatic,2
Car_3318,2014,1.5,9.7,148375,Petrol,Dealer,Manual,1
Car_3319,2008,1.14,17.58,55701,Petrol,Individual,Manual,1
Car_3320,2009,0.71,6.73,55511,Diesel,Dealer,Manual,0
Car_3321,2014,3.75,16.56,85664,Diesel,Individual,Automatic,0
Car_3322,2015,2.29,10.07,44427,Petrol,Individual,Manual,0
Car_3323,2014,1.4,7.25,102180,Diesel,Individual,Automatic,1
Car_3324,2012,1.47,9.55,108550,Petrol,Individual,Automatic,0
Car_3325,2006,0.5,6.52,143039,Diesel,Individual,Automatic,1
Car_3326,2012,3.14,22.79,142733,Petrol,Dealer,Manual,0
Car_3327,2020,5.13,11.44,82952,Petrol,Individual,Manual,0
Car_3328,2009,0.78,8.02,71046,Petrol,Dealer,Automatic,0
Car_3329,2007,0.79,12.59,111918,Petrol,Individual,Automatic,0
Car_3330,2016,2.61,9.71,40200,Petrol,Dealer,Manual,1
Car_3331,2017,7.83,19.25,72442,Diesel,Dealer,Automatic,0
Car_3332,2017,6.83,24.35,96070,Petrol,Individual,Manual,0
Car_3333,2014,2.13,12.36,63168,Petrol,Individual,Manual,2
Car_3334,2008,1.65,21.87,53322,Petrol,Individual,Manual,0
Car_3335,2013,2.84,15.23,75246,Petrol,Individual,Automatic,0
Car_3336,2006,0.5,6.04,20583,Petrol,Individual,Manual,2
Car_3337,2023,13.69,18.04,87720,Petrol,Individual,Manual,0
Car_3338,2005,0.54,14.05,142181,Petrol,Individual,Manual,0
Car_3339,2011,2.13,17.14,64757,Petrol,Dealer,Manual,0
Car_3340,2021,17.34,22.52,11659,Diesel,Individual,Automatic,0
Car_3341,2007,0.79,12.41,6238,Diesel,Individual,Manual,0
Car_3342,2007,1.44,22.78,126270,Petrol,Individual,Automatic,0
Car_3343,2007,1.33,19.39,124211,Petrol,Individual,Automatic,0
Car_3344,2021,10.29,13.49,20064,Petrol,Dealer,Automatic,0
Car_3345,2011,1.86,16.07,141692,Petrol,Individual,Automatic,0
Car_3346,2018,3.06,9.83,104790,Petrol,Individual,Manual,0
Car_3347,2021,14.21,24.63,107985,Diesel,Individual,Manual,0
Car_3348,2022,12.03,17.52,49258,Petrol,Individual,Manual,0
Car_3349,2017,0.86,3.49,140542,CNG,Dealer,Manual,1
Car_3350,2022,6.2,9.85,29668,Petrol,Dealer,Manual,2
Car_3351,2008,1.19,16.52,82259,Diesel,Individual,Manual,1
Car_3352,2005,0.5,3.77,117192,Diesel,Dealer,Automatic,2
Car_3353,2022,2.39,3.04,101576,Petrol,Dealer,Automatic,1
Car_3354,2005,0.5,12.63,110481,Petrol,Individual,Manual,1
Car_3355,2017,3.12,9.99,116505,Diesel,Individual,Manual,0
Car_3356,2014,2.81,12.36,10397,Diesel,Dealer,Manual,0
Car_3357,2015,1.8,8.41,104925,Petrol,Dealer,Manual,0
Car_3358,2013,1.09,6.21,88481,Petrol,Individual,Automatic,0
Car_3359,2013,2.86,18.01,65308,Petrol,Dealer,Manual,2
Car_3360,2009,1.15,14.08,6130,Petrol,Dealer,Manual,2
Car_3361,2005,0.5,7.0,129293,CNG,Dealer,Manual,0
Car_3362,2021,6.15,9.69,19071,Diesel,Individual,Manual,1
Car_3363,2006,0.78,15.82,90517,Petrol,Individual,Manual,0
Car_3364,2017,1.15,4.13,115240,Petrol,Dealer,Manual,1
Car_3365,2013,0.88,5.82,7118,Petrol,Dealer,Manual,1
Car_3366,2008,0.5,4.15,136735,Diesel,Individual,Manual,0
Car_3367,2009,1.56,20.78,67408,CNG,Individual,Manual,1
Car_3368,2015,4.05,19.43,56786,Petrol,Individual,Manual,1
Car_3369,2023,18.41,19.45,86271,Petrol,Dealer,Automatic,1
Car_3370,2007,1.13,18.62,24158,CNG,Dealer,Manual,0
Car_3371,2016,3.54,17.56,36087,Petrol,Individual,Manual,3
Car_3372,2023,8.7,13.23,93114,Petrol,Individual,Manual,2
Car_3373,2023,13.67,16.95,24874,Petrol,Dealer,Manual,1
Car_3374,2017,0.95,3.36,88443,Petrol,Individual,Manual,0
Car_3375,2011,2.0,16.48,45821,Petrol,Dealer,Manual,0
Car_3376,2019,6.51,20.0,120675,CNG,Individual,Manual,1
Car_3377,2011,1.82,13.76,65582,Diesel,Individual,Manual,0
Car_3378,2012,1.17,10.54,127603,Petrol,Individual,Manual,0
Car_3379,2009,0.7,8.74,74381,Petrol,Individual,Manual,0
Car_3380,2018,6.75,16.96,116800,Diesel,Individual,Automatic,0
Car_3381,2008,1.14,18.09,135805,Petrol,Dealer,Manual,0
Car_3382,2014,4.29,22.1,87018,Petrol,Dealer,Manual,0
Car_3383,2019,4.04,10.2,105592,Petrol,Dealer,Manual,0
Car_3384,2022,13.23,19.82,96626,Diesel,Dealer,Manual,2
Car_3385,2017,5.07,15.13,91217,Petrol,Dealer,Automatic,0
Car_3386,2012,2.65,22.36,77799,Petrol,Individual,Manual,0
Car_3387,2013,2.42,14.38,67185,Petrol,Individual,Automatic,1
Car_3388,2020,7.51,14.15,46538,Petrol,Dealer,Manual,0
Car_3389,2023,12.04,15.5,25343,CNG,Dealer,Manual,0
Car_3390,2020,10.69,19.36,125026,Diesel,Dealer,Manual,0
Car_3391,2011,3.21,24.21,58106,Petrol,Dealer,Automatic,1
Car_3392,2018,1.43,4.16,119322,Petrol,Dealer,Manual,1
Car_3393,2018,1.33,3.7,86227,Diesel,Individual,Manual,0
Car_3394,2008,1.54,23.59,47135,Petrol,Individual,Manual,1
Car_3395,2019,5.35,14.42,124599,Diesel,Individual,Manual,2
Car_3396,2007,1.15,16.34,88470,Diesel,Individual,Automatic,0
Car_3397,2009,1.05,13.35,25910,Petrol,Individual,Manual,1
Car_3398,2005,0.5,4.61,143213,CNG,Dealer,Manual,0
Car_3399,2007,1.23,19.78,50950,Petrol,Dealer,Manual,1
Car_3400,2019,7.38,19.31,21225,Petrol,Individual,Manual,1
Car_3401,2012,1.38,9.51,37959,Diesel,Individual,Manual,1
Car_3402,2008,0.7,9.39,54192,Diesel,Individual,Manual,1
Car_3403,2006,1.11,21.35,84711,Diesel,Dealer,Manual,1
Car_3404,2014,0.84,4.13,146123,Diesel,Individual,Manual,0
Car_3405,2008,1.99,22.32,8449,Petrol,Dealer,Automatic,0
Car_3406,2007,0.5,8.27,109213,Petrol,Individual,Manual,1
Car_3407,2006,0.75,15.84,105245,Petrol,Individual,Manual,0
Car_3408,2021,15.53,23.56,102069,Diesel,Dealer,Manual,0
Car_3409,2017,5.45,17.76,28908,Petrol,Individual,Manual,0
Car_3410,2009,0.95,11.82,109847,Petrol,Individual,Manual,0
Car_3411,2013,2.6,18.01,125910,CNG,Individual,Automatic,0
Car_3412,2010,1.04,10.24,19012,Petrol,Dealer,Manual,1
Car_3413,2009,0.78,8.74,22412,Petrol,Individual,Manual,0
Car_3414,2014,4.32,24.93,115030,Petrol,Dealer,Manual,1
Car_3415,2012,2.58,19.39,29657,Petrol,Individual,Manual,0
Car_3416,2011,1.8,17.01,10656,Petrol,Individual,Manual,2
Car_3417,2011,1.22,10.49,145039,Petrol,Dealer,Automatic,0
Car_3418,2010,0.5,3.61,20873,Petrol,Dealer,Automatic,2
Car_3419,2007,0.5,3.2,99485,Petrol,Dealer,Manual,0
Car_3420,2023,11.17,14.97,114383,Petrol,Dealer,Manual,1
Car_3421,2019,9.78,19.65,6607,Petrol,Dealer,Manual,0
Car_3422,2008,1.06,14.59,53447,Petrol,Dealer,Manual,1
Car_3423,2016,5.8,21.42,54757,Petrol,Dealer,Manual,0
Car_3424,2010,0.5,3.25,74201,Petrol,Individual,Manual,0
Car_3425,2023,10.18,10.75,133765,Diesel,Individual,Automatic,0
Car_3426,2008,0.59,7.83,10462,Diesel,Individual,Manual,2
Car_3427,2019,5.24,12.56,121832,Petrol,Individual,Manual,0
Car_3428,2013,0.64,4.13,53465,Petrol,Dealer,Manual,1
Car_3429,2009,2.07,23.97,95027,Diesel,Individual,Automatic,3
Car_3430,2017,2.22,7.52,55528,Diesel,Individual,Manual,0
Car_3431,2022,12.46,23.25,41230,CNG,Dealer,Manual,3
Car_3432,2009,1.02,12.08,53242,Petrol,Individual,Manual,0
Car_3433,2020,12.9,24.67,119688,Diesel,Individual,Automatic,2
Car_3434,2023,11.05,14.97,6783,Diesel,Individual,Manual,3
Car_3435,2018,7.13,23.44,33390,Petrol,Individual,Manual,3
Car_3436,2020,1.37,2.62,144489,Petrol,Individual,Automatic,0
Car_3437,2019,7.48,19.34,77102,Petrol,Dealer,Manual,2
Car_3438,2008,1.64,22.82,22426,Petrol,Individual,Manual,0
Car_3439,2011,0.64,5.64,35750,Petrol,Dealer,Manual,0
Car_3440,2020,2.51,4.66,63188,Diesel,Individual,Manual,0
Car_3441,2012,1.67,12.05,15872,Petrol,Individual,Manual,0
Car_3442,2021,15.75,23.51,99231,Petrol,Individual,Automatic,1
Car_3443,2020,8.06,14.7,134860,Diesel,Dealer,Manual,0
Car_3444,2014,2.71,14.37,71770,Petrol,Dealer,Automatic,3
Car_3445,2014,0.96,5.68,129158,Petrol,Individual,Automatic,1
Car_3446,2006,0.5,2.52,88514,Petrol,Individual,Automatic,2
Car_3447,2013,3.08,20.73,97663,Petrol,Dealer,Manual,2
Car_3448,2021,2.29,4.47,139363,Petrol,Dealer,Manual,1
Car_3449,2015,4.66,16.76,117808,Diesel,Dealer,Automatic,0
Car_3450,2014,4.57,23.08,115091,Petrol,Individual,Automatic,1
Car_3451,2021,4.75,7.19,104272,Diesel,Individual,Automatic,0
Car_3452,2008,1.23,17.47,54393,Petrol,Dealer,Manual,0
Car_3453,2020,1.92,4.27,98558,CNG,Individual,Manual,0
Car_3454,2019,8.21,16.08,74770,Diesel,Individual,Automatic,1
Car_3455,2009,0.59,6.19,31720,CNG,Dealer,Automatic,0
Car_3456,2010,1.95,19.06,18368,Petrol,Individual,Manual,0
Car_3457,2021,6.22,9.28,52969,Diesel,Individual,Manual,0
Car_3458,2005,0.63,12.93,53838,Diesel,Dealer,Manual,0
Car_3459,2023,11.76,15.99,13734,Diesel,Individual,Manual,1
Car_3460,2008,0.5,6.35,112187,Petrol,Individual,Automatic,1
Car_3461,2021,9.96,19.19,104329,Petrol,Dealer,Manual,3
Car_3462,2013,1.43,9.31,148269,Petrol,Dealer,Manual,0
Car_3463,2006,0.98,17.4,73895,Petrol,Dealer,Automatic,0
Car_3464,2012,0.79,6.06,125424,Diesel,Individual,Manual,0
Car_3465,2019,8.31,17.98,106255,Diesel,Dealer,Automatic,2
Car_3466,2011,0.71,5.38,63073,Diesel,Individual,Automatic,0
Car_3467,2010,1.36,12.07,20624,Petrol,Individual,Automatic,0
Car_3468,2005,0.5,8.06,29315,Petrol,Individual,Manual,0
Car_3469,2019,7.97,19.34,22422,Petrol,Individual,Manual,0
Car_3470,2011,0.97,8.4,77663,Petrol,Dealer,Manual,0
Car_3471,2021,13.03,22.34,106216,Diesel,Individual,Manual,1
Car_3472,2006,1.02,22.57,37743,Petrol,Individual,Manual,1
Car_3473,2013,1.32,6.92,15108,Diesel,Individual,Manual,0
Car_3474,2013,2.54,16.31,41180,Petrol,Individual,Manual,0
Car_3475,2017,1.43,4.47,23883,Diesel,Individual,Manual,0
Car_3476,2010,1.36,11.31,49400,Petrol,Dealer,Automatic,1
Car_3477,2010,1.95,18.55,52951,Petrol,Individual,Automatic,2
Car_3478,2007,0.84,17.34,143232,Petrol,Dealer,Manual,2
Car_3479,2021,10.78,16.56,60262,Petrol,Individual,Automatic,0
Car_3480,2021,5.16,8.86,88133,Diesel,Individual,Manual,1
Car_3481,2016,2.79,11.01,147195,Diesel,Dealer,Automatic,3
Car_3482,2020,2.24,4.82,120106,Petrol,Individual,Manual,1
Car_3483,2019,8.39,18.68,75496,Petrol,Dealer,Manual,0
Car_3484,2017,3.79,13.84,66934,Diesel,Dealer,Manual,1
Car_3485,2005,0.7,18.45,83886,Petrol,Individual,Manual,1
Car_3486,2021,4.67,8.1,35881,Petrol,Individual,Manual,0
Car_3487,2007,0.64,9.8,23409,Diesel,Individual,Manual,0
Car_3488,2019,3.87,10.02,103171,Petrol,Individual,Manual,1
Car_3489,2008,0.5,3.08,53951,Diesel,Dealer,Manual,2
Car_3490,2008,0.66,10.17,13752,Diesel,Individual,Manual,3
Car_3491,2022,13.3,20.57,122339,Diesel,Individual,Manual,0
Car_3492,2021,12.56,22.69,149512,Diesel,Dealer,Manual,1
Car_3493,2023,10.2,14.16,49864,Petrol,Individual,Manual,0
Car_3494,2015,2.76,12.75,77035,Petrol,Individual,Automatic,3
Car_3495,2007,0.5,3.19,91675,CNG,Individual,Manual,0
Car_3496,2012,3.65,22.28,27343,Petrol,Dealer,Automatic,0
Car_3497,2018,1.12,2.79,24673,Diesel,Individual,Manual,0
Car_3498,2005,1.1,23.76,100024,Diesel,Individual,Automatic,1
Car_3499,2018,5.24,13.51,31520,Diesel,Individual,Manual,0
Car_3500,2006,0.52,10.19,20784,Petrol,Dealer,Manual,1
Car_3501,2008,1.37,23.29,122446,Petrol,Individual,Manual,0
Car_3502,2023,2.6,3.05,43079,Petrol,Dealer,Manual,0
Car_3503,2010,1.8,15.58,49220,Petrol,Dealer,Manual,0
Car_3504,2005,0.63,14.85,117878,CNG,Individual,Automatic,0
Car_3505,2021,4.79,7.43,121583,Diesel,Individual,Automatic,0
Car_3506,2012,1.68,12.15,53720,Diesel,Individual,Manual,1
Car_3507,2023,15.56,17.18,19718,Petrol,Individual,Automatic,0
Car_3508,2005,0.9,18.86,66217,Petrol,Individual,Automatic,0
Car_3509,2009,0.5,2.52,105668,Petrol,Dealer,Manual,1
Car_3510,2020,11.71,23.58,148936,Petrol,Individual,Automatic,0
Car_3511,2010,0.54,6.2,93378,Petrol,Individual,Manual,1
Car_3512,2012,0.96,7.76,13177,Petrol,Individual,Manual,3
Car_3513,2017,2.31,8.43,127318,Petrol,Individual,Manual,0
Car_3514,2020,1.66,3.35,116145,Petrol,Individual,Automatic,1
Car_3515,2007,0.5,5.27,147916,CNG,Individual,Manual,1
Car_3516,2023,20.2,24.69,18418,Petrol,Dealer,Manual,0
Car_3517,2016,2.56,9.59,93075,Diesel,Dealer,Manual,1
Car_3518,2020,2.74,5.09,70227,Petrol,Dealer,Manual,0
Car_3519,2015,0.96,4.91,148907,Petrol,Individual,Manual,0
Car_3520,2014,3.4,18.69,22533,Petrol,Individual,Manual,1
Car_3521,2008,1.37,21.73,106457,Diesel,Individual,Manual,1
Car_3522,2016,1.81,8.28,112504,Petrol,Dealer,Manual,2
Car_3523,2006,0.5,2.97,146295,Petrol,Individual,Manual,1
Car_3524,2023,7.14,7.52,129202,Diesel,Individual,Automatic,0
Car_3525,2009,0.5,3.77,15273,Petrol,Dealer,Automatic,1
Car_3526,2012,0.62,4.83,38519,Petrol,Individual,Manual,1
Car_3527,2011,1.29,12.21,132024,Petrol,Dealer,Manual,1
Car_3528,2018,2.6,7.67,129540,Petrol,Dealer,Automatic,2
Car_3529,2007,0.74,14.11,146420,Diesel,Dealer,Manual,2
Car_3530,2022,6.96,8.2,88460,Diesel,Dealer,Automatic,0
Car_3531,2020,10.36,23.66,109471,Petrol,Individual,Manual,0
Car_3532,2023,17.88,22.88,109668,Petrol,Dealer,Manual,1
Car_3533,2023,12.92,15.25,72519,Diesel,Individual,Manual,1
Car_3534,2022,6.74,10.47,95426,Petrol,Dealer,Manual,1
Car_3535,2020,6.35,11.08,19629,Diesel,Individual,Manual,0
Car_3536,2012,1.7,11.77,54056,Petrol,Individual,Manual,0
Car_3537,2005,1.07,18.87,16273,Diesel,Individual,Automatic,0
Car_3538,2021,6.52,12.66,125484,CNG,Dealer,Manual,1
Car_3539,2016,5.73,21.78,102275,Diesel,Individual,Manual,0
Car_3540,2015,4.67,23.74,143966,Petrol,Individual,Manual,1
Car_3541,2009,0.8,10.06,51073,Diesel,Dealer,Manual,3
Car_3542,2016,4.08,15.12,50693,Diesel,Individual,Manual,0
Car_3543,2021,3.09,4.64,29343,Diesel,Individual,Manual,0
Car_3544,2010,0.69,7.01,48095,Petrol,Individual,Manual,0
Car_3545,2005,0.55,11.8,127388,Diesel,Dealer,Manual,0
Car_3546,2009,0.56,7.14,119441,Petrol,Dealer,Manual,0
Car_3547,2018,9.19,22.22,105782,Petrol,Dealer,Automatic,0
Car_3548,2009,0.63,6.06,77590,Diesel,Dealer,Automatic,1
Car_3549,2005,0.58,12.75,113263,Petrol,Individual,Automatic,0
Car_3550,2022,13.81,16.13,34373,Diesel,Individual,Automatic,1
Car_3551,2020,10.04,18.07,32525,Diesel,Dealer,Manual,2
Car_3552,2013,1.74,11.12,132716,CNG,Dealer,Automatic,0
Car_3553,2023,17.26,22.05,109513,Diesel,Dealer,Manual,2
Car_3554,2009,1.26,15.29,134401,Petrol,Individual,Manual,0
Car_3555,2006,0.55,12.39,101643,Petrol,Individual,Manual,0
Car_3556,2019,1.87,4.01,102694,Petrol,Dealer,Automatic,1
Car_3557,2011,1.63,12.96,41136,Petrol,Dealer,Manual,0
Car_3558,2008,1.46,20.97,61539,Petrol,Individual,Manual,0
Car_3559,2005,0.95,16.33,73363,Diesel,Individual,Automatic,0
Car_3560,2017,5.73,21.22,86526,Petrol,Individual,Manual,2
Car_3561,2011,1.77,13.62,40255,Petrol,Dealer,Manual,0
Car_3562,2019,2.26,5.17,123209,Diesel,Dealer,Manual,1
Car_3563,2018,1.13,2.81,91437,Petrol,Individual,Automatic,1
Car_3564,2023,7.93,9.32,137715,Petrol,Individual,Automatic,0
Car_3565,2022,13.05,18.2,120900,Petrol,Dealer,Automatic,0
Car_3566,2014,4.52,20.28,28729,Diesel,Dealer,Manual,0
Car_3567,2013,1.47,9.15,26818,Diesel,Individual,Manual,0
Car_3568,2012,2.01,13.65,70555,Diesel,Dealer,Manual,0
Car_3569,2014,2.06,11.98,103979,Petrol,Individual,Manual,0
Car_3570,2021,7.55,11.74,58629,Diesel,Dealer,Manual,0
Car_3571,2006,0.5,7.71,120296,Diesel,Individual,Manual,0
Car_3572,2010,0.62,5.57,60438,Petrol,Dealer,Automatic,1
Car_3573,2009,0.76,6.93,14457,Petrol,Individual,Automatic,0
Car_3574,2013,0.61,3.74,38922,Diesel,Dealer,Manual,2
Car_3575,2009,0.5,6.96,145892,Petrol,Dealer,Manual,0
Car_3576,2022,1.73,2.71,113122,Diesel,Individual,Manual,1
Car_3577,2013,2.33,16.61,107020,Petrol,Individual,Manual,2
Car_3578,2021,5.66,9.62,93405,Diesel,Dealer,Manual,0
Car_3579,2021,12.29,24.4,121130,Petrol,Individual,Manual,1
Car_3580,2016,2.18,6.86,73038,Petrol,Dealer,Automatic,0
Car_3581,2011,1.03,10.28,67325,Petrol,Individual,Manual,2
Car_3582,2007,0.68,10.55,30600,Diesel,Dealer,Manual,1
Car_3583,2014,0.69,2.69,66526,Diesel,Dealer,Automatic,0
Car_3584,2006,1.31,21.38,18149,Diesel,Individual,Automatic,1
Car_3585,2007,0.5,3.22,117168,Diesel,Individual,Manual,1
Car_3586,2020,13.09,23.65,114813,Petrol,Individual,Automatic,0
Car_3587,2006,1.19,22.57,96779,Diesel,Individual,Manual,1
Car_3588,2014,2.72,14.55,139266,Petrol,Individual,Automatic,1
Car_3589,2010,1.49,14.73,37398,Petrol,Dealer,Manual,0
Car_3590,2015,3.56,17.21,9789,Petrol,Dealer,Manual,2
Car_3591,2011,1.41,11.21,69967,Petrol,Individual,Automatic,0
Car_3592,2019,6.34,17.06,103837,Petrol,Dealer,Manual,1
Car_3593,2010,0.5,3.51,106967,Petrol,Individual,Manual,0
Car_3594,2013,0.57,3.72,136201,Petrol,Individual,Automatic,2
Car_3595,2016,3.64,12.79,64683,Diesel,Dealer,Manual,1
Car_3596,2023,11.42,14.87,50331,Petrol,Individual,Manual,1
Car_3597,2007,1.42,22.48,39626,Petrol,Dealer,Automatic,3
Car_3598,2019,2.73,4.85,17342,Diesel,Dealer,Automatic,0
Car_3599,2006,1.26,21.01,41417,Petrol,Dealer,Automatic,0
Car_3600,2006,0.5,7.23,57664,Diesel,Dealer,Automatic,1
Car_3601,2007,0.97,11.37,13833,Diesel,Dealer,Automatic,0
Car_3602,2010,0.94,9.62,65658,Petrol,Individual,Automatic,0
Car_3603,2019,3.95,11.5,136809,Petrol,Individual,Manual,1
Car_3604,2014,0.97,5.89,99965,Petrol,Individual,Manual,1
Car_3605,2013,2.14,13.83,69054,Petrol,Dealer,Manual,0
Car_3606,2005,0.9,20.54,6299,Petrol,Dealer,Manual,2
Car_3607,2020,5.29,12.43,70875,Petrol,Individual,Manual,1
Car_3608,2010,1.41,13.54,119286,Petrol,Dealer,Automatic,2
Car_3609,2013,3.46,21.6,103730,Diesel,Individual,Manual,2
Car_3610,2008,1.49,18.39,61298,Petrol,Individual,Automatic,0
Car_3611,2006,0.63,13.54,126035,Diesel,Individual,Manual,1
Car_3612,2008,0.6,8.3,114825,Petrol,Dealer,Manual,0
Car_3613,2005,0.9,22.41,120637,Diesel,Dealer,Manual,2
Car_3614,2023,12.7,15.48,77618,Petrol,Individual,Automatic,1
Car_3615,2014,1.55,7.48,30532,Diesel,Individual,Manual,0
Car_3616,2019,2.93,8.56,113197,Petrol,Dealer,Manual,2
Car_3617,2023,14.93,20.57,135860,Diesel,Individual,Manual,1
Car_3618,2020,1.55,3.49,65285,Petrol,Dealer,Manual,2
Car_3619,2008,1.79,24.82,23866,Petrol,Individual,Manual,0
Car_3620,2006,0.5,5.43,143665,Petrol,Individual,Manual,2
Car_3621,2017,7.05,20.41,14495,Petrol,Dealer,Automatic,1
Car_3622,2005,0.5,11.38,12837,Petrol,Dealer,Manual,1
Car_3623,2021,7.78,13.57,35346,Petrol,Dealer,Manual,2
Car_3624,2017,7.27,22.31,113621,Petrol,Dealer,Automatic,1
Car_3625,2008,1.06,11.79,28412,Petrol,Dealer,Automatic,1
Car_3626,2011,1.92,14.59,123833,Diesel,Dealer,Automatic,0
Car_3627,2021,1.87,3.61,70206,CNG,Dealer,Manual,2
Car_3628,2013,0.5,2.55,15934,Petrol,Individual,Automatic,1
Car_3629,2008,0.56,8.01,35723,Diesel,Individual,Manual,2
Car_3630,2023,14.28,17.81,132968,Diesel,Individual,Manual,0
Car_3631,2005,0.5,5.23,126988,Petrol,Dealer,Manual,0
Car_3632,2014,0.96,5.06,41523,Petrol,Dealer,Manual,0
Car_3633,2008,0.78,11.75,106150,Petrol,Individual,Manual,1
Car_3634,2013,3.11,17.08,125950,Diesel,Individual,Automatic,0
Car_3635,2017,6.12,18.52,46646,Petrol,Individual,Automatic,0
Car_3636,2018,3.04,6.52,57776,Diesel,Dealer,Automatic,1
Car_3637,2014,0.89,4.29,24116,Diesel,Individual,Manual,0
Car_3638,2010,2.23,23.66,117858,Petrol,Individual,Automatic,2
Car_3639,2020,3.33,8.36,81620,Petrol,Individual,Manual,1
Car_3640,2010,1.86,21.7,87604,Diesel,Individual,Manual,3
Car_3641,2021,14.83,21.93,99452,Petrol,Individual,Automatic,0
Car_3642,2014,3.75,19.88,138991,Petrol,Individual,Automatic,0
Car_3643,2022,4.14,6.3,28550,Petrol,Individual,Manual,0
Car_3644,2022,13.16,20.99,75227,CNG,Dealer,Manual,1
Car_3645,2007,1.16,19.81,28212,Petrol,Dealer,Manual,0
Car_3646,2019,8.63,15.93,45118,Diesel,Individual,Automatic,0
Car_3647,2019,4.65,10.09,33602,Petrol,Dealer,Automatic,2
Car_3648,2008,0.61,8.41,22540,Petrol,Individual,Manual,0
Car_3649,2013,0.93,5.24,76455,Diesel,Individual,Manual,1
Car_3650,2023,12.0,13.97,27277,Diesel,Individual,Manual,1
Car_3651,2021,7.86,15.67,124133,Petrol,Individual,Manual,0
Car_3652,2015,2.49,10.59,14752,Diesel,Individual,Manual,1
Car_3653,2013,1.89,13.2,130332,Petrol,Individual,Manual,1
Car_3654,2014,2.29,10.68,23302,Diesel,Individual,Automatic,0
Car_3655,2022,11.35,16.92,71236,Petrol,Individual,Manual,0
Car_3656,2017,6.03,22.78,69467,Diesel,Individual,Manual,2
Car_3657,2012,1.03,6.19,107350,Diesel,Dealer,Automatic,0
Car_3658,2011,1.43,11.08,8048,Petrol,Dealer,Manual,1
Car_3659,2021,3.95,5.67,63906,Diesel,Dealer,Automatic,1
Car_3660,2019,6.54,16.56,81637,CNG,Dealer,Manual,0
Car_3661,2019,7.39,18.9,34778,Petrol,Individual,Manual,2
Car_3662,2005,1.03,23.47,125918,Diesel,Individual,Manual,0
Car_3663,2018,3.42,8.77,95036,Diesel,Dealer,Manual,0
Car_3664,2009,1.88,23.88,148746,Diesel,Individual,Automatic,1
Car_3665,2015,0.83,3.92,16957,CNG,Individual,Manual,0
Car_3666,2020,8.18,16.07,77644,Petrol,Individual,Automatic,1
Car_3667,2006,0.5,3.79,118294,Diesel,Individual,Automatic,2
Car_3668,2012,3.43,22.61,22829,Diesel,Individual,Manual,0
Car_3669,2015,4.02,14.42,10837,Petrol,Dealer,Automatic,0
Car_3670,2022,10.35,17.56,104770,Petrol,Individual,Manual,0
Car_3671,2007,1.2,21.21,31352,Petrol,Dealer,Manual,2
Car_3672,2005,0.5,5.88,35215,Diesel,Individual,Automatic,0
Car_3673,2015,0.79,3.37,46247,Diesel,Dealer,Manual,0
Car_3674,2020,11.08,22.27,134692,Petrol,Individual,Automatic,1
Car_3675,2022,7.3,9.59,71714,Petrol,Dealer,Automatic,0
Car_3676,2020,3.37,5.4,40319,Petrol,Individual,Automatic,0
Car_3677,2014,2.53,13.04,124058,Petrol,Dealer,Automatic,2
Car_3678,2022,11.69,15.96,21025,Diesel,Individual,Manual,0
Car_3679,2010,0.5,3.2,14780,Petrol,Individual,Manual,0
Car_3680,2023,7.58,8.69,27706,Diesel,Dealer,Manual,0
Car_3681,2008,0.5,3.24,80503,Diesel,Dealer,Automatic,2
Car_3682,2017,3.13,11.96,108166,CNG,Individual,Manual,0
Car_3683,2018,9.78,22.64,14179,Petrol,Dealer,Automatic,0
Car_3684,2007,1.56,24.61,104423,CNG,Dealer,Automatic,0
Car_3685,2014,2.36,16.83,128076,Petrol,Dealer,Manual,3
Car_3686,2010,0.57,6.14,140047,Diesel,Individual,Manual,0
Car_3687,2005,1.17,22.88,80138,Diesel,Dealer,Manual,0
Car_3688,2018,5.94,14.12,91706,Petrol,Dealer,Automatic,1
Car_3689,2012,0.93,5.96,121905,Petrol,Individual,Automatic,0
Car_3690,2023,21.19,23.24,33830,Petrol,Dealer,Manual,1
Car_3691,2018,7.92,19.54,115076,Diesel,Dealer,Automatic,1
Car_3692,2014,3.1,18.96,35609,Petrol,Individual,Manual,0
Car_3693,2021,10.22,18.46,22401,CNG,Individual,Manual,1
Car_3694,2013,1.04,7.01,108480,Petrol,Dealer,Manual,0
Car_3695,2010,0.7,7.25,123278,CNG,Dealer,Manual,0
Car_3696,2015,3.73,17.99,62391,Petrol,Individual,Manual,1
Car_3697,2011,1.02,7.44,131543,Petrol,Dealer,Automatic,0
Car_3698,2021,7.51,12.37,133886,Petrol,Individual,Automatic,0
Car_3699,2005,0.86,20.1,99583,Diesel,Individual,Manual,0
Car_3700,2009,1.75,20.14,142719,Diesel,Individual,Automatic,2
Car_3701,2013,1.94,12.7,11015,Petrol,Individual,Manual,2
Car_3702,2022,15.5,20.32,26506,Petrol,Individual,Automatic,0
Car_3703,2006,1.11,21.37,29067,Petrol,Individual,Manual,0
Car_3704,2015,3.08,17.23,135819,Diesel,Individual,Manual,3
Car_3705,2010,0.75,7.64,7056,Petrol,Individual,Manual,1
Car_3706,2012,1.55,8.67,34328,Diesel,Dealer,Automatic,0
Car_3707,2008,0.67,9.58,82712,Diesel,Individual,Manual,1
Car_3708,2022,3.96,5.13,57832,Diesel,Dealer,Manual,0
Car_3709,2015,1.92,8.65,47771,Diesel,Individual,Manual,1
Car_3710,2009,0.52,7.21,102421,Petrol,Individual,Manual,2
Car_3711,2019,4.66,12.74,69538,CNG,Individual,Manual,0
Car_3712,2022,16.27,22.94,45151,Petrol,Individual,Manual,1
Car_3713,2006,0.5,4.85,137701,Petrol,Individual,Manual,1
Car_3714,2015,3.97,18.71,88463,Diesel,Dealer,Manual,3
Car_3715,2017,5.29,17.96,101853,Petrol,Dealer,Manual,0
Car_3716,2008,0.5,4.65,94432,Petrol,Individual,Manual,2
Car_3717,2011,2.84,23.26,33155,Petrol,Individual,Manual,0
Car_3718,2015,3.47,15.29,55588,Petrol,Individual,Manual,0
Car_3719,2008,0.81,10.68,16251,Petrol,Dealer,Manual,0
Car_3720,2019,6.34,19.52,107420,Petrol,Individual,Manual,2
Car_3721,2005,0.5,8.29,14623,Petrol,Individual,Manual,0
Car_3722,2007,1.09,18.1,59715,Diesel,Dealer,Manual,2
Car_3723,2018,1.32,3.39,11123,Diesel,Individual,Manual,0
Car_3724,2010,2.08,21.39,8061,Diesel,Dealer,Manual,2
Car_3725,2022,9.55,12.58,111393,Diesel,Dealer,Manual,0
Car_3726,2005,0.73,16.83,107035,Diesel,Individual,Manual,0
Car_3727,2010,0.86,7.48,44095,Diesel,Dealer,Manual,1
Car_3728,2010,1.78,17.73,86897,Diesel,Dealer,Manual,1
Car_3729,2020,10.33,19.88,86443,Diesel,Individual,Manual,0
Car_3730,2009,0.93,13.15,123005,Petrol,Individual,Manual,1
Car_3731,2021,13.56,16.4,39814,Diesel,Dealer,Automatic,0
Car_3732,2014,2.31,12.77,90141,Diesel,Individual,Manual,1
Car_3733,2022,15.67,22.62,145517,Diesel,Dealer,Manual,0
Car_3734,2011,1.52,13.7,34767,Petrol,Individual,Manual,0
Car_3735,2007,1.18,21.44,51057,Petrol,Individual,Manual,2
Car_3736,2017,6.17,20.53,91755,Petrol,Dealer,Manual,0
Car_3737,2019,4.4,11.74,32946,CNG,Dealer,Manual,1
Car_3738,2023,7.29,7.68,8364,Diesel,Dealer,Automatic,0
Car_3739,2007,0.84,11.64,82015,Petrol,Dealer,Automatic,0
Car_3740,2008,1.45,21.09,143470,Petrol,Individual,Manual,0
Car_3741,2009,0.66,7.62,138524,Diesel,Dealer,Manual,0
Car_3742,2005,0.6,14.3,92208,Petrol,Dealer,Manual,0
Car_3743,2008,1.37,20.64,128208,Petrol,Individual,Manual,0
Car_3744,2016,2.88,10.45,30345,Petrol,Dealer,Manual,0
Car_3745,2014,3.04,16.95,90895,Petrol,Individual,Manual,0
Car_3746,2017,2.11,8.03,134022,Petrol,Dealer,Manual,2
Car_3747,2018,1.77,4.96,141087,Diesel,Individual,Manual,0
Car_3748,2009,1.49,20.37,144729,Petrol,Individual,Manual,1
Car_3749,2008,0.5,4.73,56116,Petrol,Individual,Manual,0
Car_3750,2018,4.02,8.61,102599,Diesel,Dealer,Automatic,2
Car_3751,2014,5.65,21.74,31521,Diesel,Dealer,Automatic,0
Car_3752,2021,6.43,10.3,59431,Petrol,Dealer,Automatic,0
Car_3753,2014,5.27,24.39,15731,Diesel,Dealer,Manual,0
Car_3754,2011,2.67,24.54,68094,CNG,Dealer,Manual,0
Car_3755,2020,3.71,8.54,23423,CNG,Individual,Manual,2
Car_3756,2005,0.5,3.42,119612,Diesel,Individual,Manual,0
Car_3757,2021,10.47,18.36,8934,Diesel,Individual,Manual,2
Car_3758,2013,1.85,12.65,81945,Petrol,Individual,Manual,2
Car_3759,2010,0.5,4.77,135443,Diesel,Individual,Manual,0
Car_3760,2023,15.43,18.42,101946,Diesel,Individual,Manual,0
Car_3761,2017,0.88,3.2,101344,Petrol,Individual,Manual,2
Car_3762,2007,1.09,22.08,144244,Petrol,Individual,Manual,0
Car_3763,2011,0.69,5.62,32358,Diesel,Individual,Manual,1
Car_3764,2013,0.8,5.36,134774,CNG,Individual,Automatic,2
Car_3765,2009,0.5,6.45,24763,Petrol,Individual,Manual,1
Car_3766,2014,4.1,24.11,90997,Petrol,Individual,Manual,1
Car_3767,2021,10.35,18.1,72975,Diesel,Individual,Manual,2
Car_3768,2016,4.72,20.53,143876,Petrol,Individual,Automatic,1
Car_3769,2020,5.96,11.45,92189,Diesel,Individual,Manual,0
Car_3770,2007,0.6,10.07,92507,Petrol,Dealer,Manual,0
Car_3771,2013,1.23,7.78,72525,Petrol,Individual,Manual,1
Car_3772,2019,5.7,13.31,104248,Diesel,Individual,Automatic,2
Car_3773,2009,1.26,14.92,29604,Petrol,Dealer,Manual,1
Car_3774,2017,4.29,16.71,121585,Petrol,Individual,Manual,1
Car_3775,2018,2.69,8.29,134716,Petrol,Individual,Manual,0
Car_3776,2019,10.91,23.84,15680,Petrol,Dealer,Automatic,2
Car_3777,2020,3.08,6.32,118508,Diesel,Individual,Manual,0
Car_3778,2017,6.76,24.23,100619,Diesel,Individual,Manual,1
Car_3779,2021,1.42,2.83,60037,Petrol,Individual,Manual,2
Car_3780,2012,1.63,13.33,104969,Petrol,Individual,Manual,0
Car_3781,2006,0.5,10.0,116115,Petrol,Individual,Manual,3
Car_3782,2009,0.94,12.61,63914,Diesel,Individual,Manual,3
Car_3783,2010,1.24,15.34,112255,Petrol,Individual,Automatic,2
Car_3784,2016,3.59,12.3,15349,Diesel,Individual,Manual,0
Car_3785,2022,9.95,11.83,33525,Diesel,Dealer,Manual,0
Car_3786,2005,0.91,18.99,10948,Diesel,Individual,Manual,1
Car_3787,2021,11.16,17.93,19498,Diesel,Individual,Manual,0
Car_3788,2015,5.23,21.25,64790,Diesel,Individual,Manual,0
Car_3789,2014,1.14,8.12,143732,CNG,Dealer,Manual,2
Car_3790,2023,14.59,16.21,31245,Diesel,Dealer,Manual,1
Car_3791,2018,4.49,15.67,136310,Petrol,Individual,Manual,0
Car_3792,2014,2.59,10.82,51659,Diesel,Individual,Automatic,0
Car_3793,2019,5.66,13.44,130983,Petrol,Individual,Automatic,1
Car_3794,2023,7.32,9.56,79874,Diesel,Individual,Manual,2
Car_3795,2008,0.5,5.69,47517,Diesel,Dealer,Manual,0
Car_3796,2006,0.5,7.31,131618,CNG,Individual,Automatic,0
Car_3797,2013,0.8,4.87,80885,Diesel,Individual,Manual,1
Car_3798,2014,3.46,17.87,51350,Petrol,Individual,Manual,0
Car_3799,2015,4.3,17.37,82179,Diesel,Dealer,Manual,0
Car_3800,2018,8.95,23.89,50013,Petrol,Individual,Manual,1
Car_3801,2011,2.6,18.92,44913,Petrol,Dealer,Automatic,0
Car_3802,2019,1.57,3.67,50819,Petrol,Individual,Automatic,1
Car_3803,2023,16.98,22.4,87168,Petrol,Individual,Manual,2
Car_3804,2019,9.25,21.91,97680,Diesel,Individual,Manual,0
Car_3805,2012,1.36,12.47,99792,CNG,Individual,Manual,2
Car_3806,2015,3.12,15.68,138932,Diesel,Individual,Manual,2
Car_3807,2013,3.72,24.46,54875,Petrol,Dealer,Manual,1
Car_3808,2019,6.83,14.48,78947,Diesel,Individual,Automatic,0
Car_3809,2005,1.1,22.87,14586,Diesel,Dealer,Manual,2
Car_3810,2005,0.5,4.37,56986,Diesel,Individual,Manual,2
Car_3811,2023,6.12,6.8,94848,Diesel,Dealer,Manual,0
Car_3812,2007,0.92,12.42,28055,Diesel,Individual,Automatic,1
Car_3813,2014,2.77,15.66,33807,Petrol,Individual,Manual,0
Car_3814,2012,2.67,20.87,52177,CNG,Dealer,Manual,0
Car_3815,2019,10.42,24.74,73625,CNG,Dealer,Manual,0
Car_3816,2014,2.48,11.25,61317,Diesel,Individual,Automatic,0
Car_3817,2005,0.5,3.57,21433,Petrol,Individual,Manual,0
Car_3818,2022,18.12,20.53,38282,Diesel,Individual,Automatic,0
Car_3819,2006,0.77,16.1,81519,Petrol,Dealer,Manual,2
Car_3820,2023,5.2,6.97,48578,Diesel,Individual,Manual,2
Car_3821,2017,3.96,13.63,135843,Diesel,Individual,Automatic,3
Car_3822,2005,0.93,19.2,113333,Petrol,Individual,Automatic,0
Car_3823,2006,1.1,19.83,55317,Petrol,Dealer,Manual,1
Car_3824,2020,5.98,13.74,132878,Diesel,Individual,Manual,2
Car_3825,2019,4.66,9.37,113745,Diesel,Dealer,Automatic,1
Car_3826,2017,7.24,24.41,134230,Diesel,Dealer,Manual,0
Car_3827,2020,8.35,17.43,70950,Petrol,Individual,Manual,0
Car_3828,2021,6.68,11.69,64612,Diesel,Dealer,Manual,2
Car_3829,2011,1.09,8.81,69873,Petrol,Individual,Manual,0
Car_3830,2021,13.83,18.95,120792,Diesel,Dealer,Automatic,0
Car_3831,2011,0.88,7.95,129814,Petrol,Dealer,Manual,0
Car_3832,2017,1.85,6.36,20231,Diesel,Dealer,Manual,2
Car_3833,2009,1.16,14.42,92385,Petrol,Individual,Manual,0
Car_3834,2021,5.67,9.02,46163,CNG,Dealer,Automatic,1
Car_3835,2007,1.18,16.65,126880,Diesel,Dealer,Automatic,0
Car_3836,2011,0.7,5.15,92592,Diesel,Dealer,Automatic,1
Car_3837,2021,9.74,17.24,111564,Petrol,Individual,Manual,1
Car_3838,2011,1.14,8.87,60535,Diesel,Individual,Manual,0
Car_3839,2005,0.5,2.51,115952,Petrol,Individual,Automatic,3
Car_3840,2021,3.21,5.36,140824,Petrol,Individual,Automatic,2
Car_3841,2021,17.54,23.51,29507,Diesel,Dealer,Automatic,0
Car_3842,2015,5.18,22.02,129225,Diesel,Individual,Manual,0
Car_3843,2007,0.5,7.76,115282,Petrol,Individual,Manual,0
Car_3844,2019,8.85,20.01,75559,Petrol,Dealer,Automatic,2
Car_3845,2015,3.6,16.19,5982,Diesel,Individual,Manual,0
Car_3846,2020,12.2,24.35,134128,Diesel,Individual,Manual,0
Car_3847,2013,1.59,10.91,81737,Petrol,Dealer,Manual,0
Car_3848,2005,0.72,17.83,87446,CNG,Dealer,Manual,0
Car_3849,2020,2.02,3.93,93567,CNG,Dealer,Automatic,0
Car_3850,2013,1.73,11.42,28636,Petrol,Individual,Manual,1
Car_3851,2023,22.98,24.19,87850,Petrol,Dealer,Automatic,0
Car_3852,2016,3.67,14.63,88866,Diesel,Individual,Manual,2
Car_3853,2023,7.58,8.98,67726,CNG,Dealer,Automatic,2
Car_3854,2013,0.85,5.21,85901,Diesel,Dealer,Manual,0
Car_3855,2011,2.14,18.33,146180,Petrol,Dealer,Automatic,1
Car_3856,2018,5.91,17.01,73896,Petrol,Dealer,Manual,1
Car_3857,2023,9.1,10.91,45880,Petrol,Dealer,Manual,1
Car_3858,2023,21.29,23.9,57077,Diesel,Individual,Manual,0
Car_3859,2006,0.5,3.0,8625,Petrol,Individual,Automatic,0
Car_3860,2013,1.54,9.33,43237,Diesel,Individual,Manual,2
Car_3861,2017,7.93,23.22,6223,Petrol,Dealer,Manual,0
Car_3862,2019,4.15,9.72,70197,Petrol,Individual,Manual,1
Car_3863,2007,0.5,8.18,79693,Petrol,Individual,Manual,1
Car_3864,2015,3.23,14.52,116555,Petrol,Dealer,Automatic,0
Car_3865,2018,7.47,21.04,42760,Diesel,Individual,Manual,1
Car_3866,2012,0.57,4.82,115174,Petrol,Dealer,Manual,2
Car_3867,2022,15.38,23.72,132192,Diesel,Individual,Manual,0
Car_3868,2023,15.12,20.39,34024,Petrol,Dealer,Manual,2
Car_3869,2020,3.65,6.58,28202,Petrol,Individual,Manual,0
Car_3870,2006,0.73,18.52,124414,Petrol,Individual,Manual,2
Car_3871,2012,1.45,11.16,56524,Petrol,Dealer,Manual,1
Car_3872,2010,0.97,11.55,145432,Petrol,Individual,Manual,1
Car_3873,2016,5.71,20.12,103228,Diesel,Individual,Automatic,0
Car_3874,2019,9.47,24.16,109755,Petrol,Individual,Manual,0
Car_3875,2012,0.51,5.35,149013,Petrol,Individual,Manual,2
Car_3876,2008,0.91,11.96,20993,Diesel,Individual,Manual,0
Car_3877,2019,5.2,13.32,19620,Petrol,Individual,Manual,1
Car_3878,2021,5.62,10.97,128271,Diesel,Individual,Manual,2
Car_3879,2017,3.49,10.67,25193,Petrol,Dealer,Manual,0
Car_3880,2022,3.23,3.68,56559,Petrol,Dealer,Automatic,0
Car_3881,2006,1.07,17.92,26248,Diesel,Dealer,Automatic,2
Car_3882,2017,3.57,12.31,141099,CNG,Individual,Automatic,2
Car_3883,2017,2.18,6.88,68410,Petrol,Dealer,Manual,0
Car_3884,2019,8.72,20.86,9260,Petrol,Dealer,Manual,1
Car_3885,2014,4.0,20.56,42596,Petrol,Dealer,Automatic,3
Car_3886,2007,0.93,13.44,14012,Petrol,Dealer,Manual,0
Car_3887,2023,6.94,9.22,30823,CNG,Dealer,Manual,0
Car_3888,2007,1.02,16.86,78851,Petrol,Individual,Manual,1
Car_3889,2018,3.74,8.98,52027,Diesel,Dealer,Manual,0
Car_3890,2012,0.91,7.81,88794,Petrol,Individual,Manual,1
Car_3891,2008,1.57,18.94,30099,Diesel,Individual,Automatic,1
Car_3892,2015,0.75,3.41,106427,Diesel,Individual,Manual,0
Car_3893,2015,1.11,4.63,41992,Diesel,Dealer,Manual,2
Car_3894,2015,0.51,2.65,124942,Petrol,Individual,Manual,0
Car_3895,2006,0.5,5.94,122886,Diesel,Individual,Manual,0
Car_3896,2021,2.54,4.05,147049,Diesel,Dealer,Manual,0
Car_3897,2013,4.33,24.91,14218,Diesel,Individual,Manual,2
Car_3898,2006,0.51,9.0,26788,Diesel,Individual,Manual,0
Car_3899,2019,2.9,5.86,25501,Diesel,Individual,Manual,0
Car_3900,2020,3.51,7.92,108733,Diesel,Dealer,Manual,3
Car_3901,2008,1.53,23.56,20210,Petrol,Individual,Manual,3
Car_3902,2012,1.9,14.2,133476,Diesel,Individual,Manual,0
Car_3903,2013,2.04,10.71,79225,Diesel,Dealer,Manual,0
Car_3904,2009,1.73,22.15,68721,Petrol,Individual,Manual,1
Car_3905,2020,4.86,11.39,144988,Petrol,Dealer,Manual,1
Car_3906,2017,2.76,10.04,36449,CNG,Individual,Manual,2
Car_3907,2011,0.83,7.16,94333,Petrol,Dealer,Manual,0
Car_3908,2021,6.73,11.0,25782,Petrol,Dealer,Manual,0
Car_3909,2007,0.63,9.63,25243,Petrol,Individual,Automatic,1
Car_3910,2009,1.47,17.74,34379,Diesel,Individual,Manual,1
Car_3911,2023,6.25,9.02,42780,CNG,Dealer,Manual,1
Car_3912,2016,3.46,15.49,119944,CNG,Individual,Automatic,2
Car_3913,2011,0.5,3.98,24984,Diesel,Individual,Manual,1
Car_3914,2013,1.2,6.8,5050,Diesel,Individual,Manual,0
Car_3915,2010,0.79,11.67,142662,Petrol,Individual,Manual,1
Car_3916,2021,12.76,23.58,45205,Petrol,Individual,Manual,0
Car_3917,2020,5.88,10.99,20162,Petrol,Individual,Manual,0
Car_3918,2007,1.01,17.44,54746,Petrol,Individual,Automatic,3
Car_3919,2008,0.51,8.24,149177,Diesel,Dealer,Manual,1
Car_3920,2014,1.1,5.36,16628,Diesel,Individual,Manual,0
Car_3921,2009,0.5,3.82,43516,Diesel,Individual,Manual,0
Car_3922,2014,1.61,9.37,92157,CNG,Individual,Manual,0
Car_3923,2016,1.33,6.05,137548,CNG,Dealer,Manual,0
Car_3924,2014,1.17,6.42,124558,Diesel,Individual,Manual,1
Car_3925,2017,5.98,19.62,45800,Petrol,Dealer,Manual,1
Car_3926,2015,0.65,2.86,40788,Petrol,Dealer,Manual,0
Car_3927,2020,8.13,15.05,125754,Diesel,Dealer,Manual,0
Car_3928,2012,1.45,11.04,31240,Petrol,Individual,Manual,0
Car_3929,2012,2.13,13.9,146994,Petrol,Dealer,Automatic,0
Car_3930,2012,1.74,15.16,69198,CNG,Individual,Manual,0
Car_3931,2017,2.51,9.55,63739,Petrol,Individual,Manual,2
Car_3932,2006,0.52,9.14,17089,Petrol,Individual,Automatic,1
Car_3933,2016,5.23,19.0,37600,Diesel,Individual,Automatic,3
Car_3934,2014,4.64,22.1,13167,Diesel,Dealer,Automatic,1
Car_3935,2016,1.71,6.83,83352,Petrol,Dealer,Manual,1
Car_3936,2015,1.03,4.7,90965,Petrol,Individual,Automatic,0
Car_3937,2019,8.12,22.7,130540,CNG,Individual,Manual,0
Car_3938,2020,5.02,10.37,36415,Petrol,Individual,Manual,1
Car_3939,2021,11.01,14.9,76895,Diesel,Individual,Automatic,0
Car_3940,2006,0.56,10.59,84900,Petrol,Dealer,Automatic,1
Car_3941,2022,3.51,5.33,99330,Petrol,Individual,Manual,0
Car_3942,2016,4.12,15.76,63650,Petrol,Dealer,Automatic,3
Car_3943,2023,12.7,14.32,5615,Diesel,Individual,Manual,0
Car_3944,2022,5.02,7.07,82937,Diesel,Dealer,Manual,0
Car_3945,2021,6.7,12.67,46936,Petrol,Individual,Manual,2
Car_3946,2010,2.4,20.43,112812,Petrol,Dealer,Automatic,0
Car_3947,2019,5.77,15.78,72875,Petrol,Individual,Manual,2
Car_3948,2007,0.5,4.68,86782,Diesel,Individual,Automatic,0
Car_3949,2010,1.5,14.83,66700,Petrol,Dealer,Manual,1
Car_3950,2007,1.23,18.31,13109,Petrol,Dealer,Automatic,0
Car_3951,2005,0.91,20.34,28758,Petrol,Dealer,Manual,0
Car_3952,2017,4.72,16.66,113592,Diesel,Individual,Manual,1
Car_3953,2018,3.06,5.93,18317,Diesel,Dealer,Automatic,0
Car_3954,2017,6.2,18.48,30622,Diesel,Individual,Manual,0
Car_3955,2008,1.31,17.74,11800,Petrol,Dealer,Manual,2
Car_3956,2011,0.5,3.05,40539,Petrol,Individual,Manual,2
Car_3957,2014,2.13,11.76,138672,Petrol,Individual,Manual,0
Car_3958,2011,1.12,9.99,90163,Petrol,Individual,Manual,0
Car_3959,2019,7.78,17.56,21689,Diesel,Individual,Manual,1
Car_3960,2019,2.99,7.36,86459,Petrol,Dealer,Manual,2
Car_3961,2008,1.07,15.79,43469,Petrol,Individual,Automatic,3
Car_3962,2010,2.8,23.05,137030,Diesel,Individual,Automatic,0
Car_3963,2009,1.83,20.45,65012,Diesel,Individual,Automatic,1
Car_3964,2016,6.57,23.23,65021,Diesel,Dealer,Manual,0
Car_3965,2005,1.35,24.52,29642,Diesel,Individual,Automatic,0
Car_3966,2012,0.5,2.74,84003,Diesel,Individual,Manual,0
Car_3967,2005,0.83,16.51,128714,Diesel,Individual,Automatic,0
Car_3968,2009,1.04,11.79,5205,Diesel,Individual,Manual,1
Car_3969,2010,2.06,21.85,97945,Petrol,Individual,Manual,0
Car_3970,2007,0.5,8.17,17442,Petrol,Dealer,Manual,2
Car_3971,2019,8.58,24.57,96826,CNG,Dealer,Manual,1
Car_3972,2009,1.29,16.31,141763,CNG,Individual,Automatic,0
Car_3973,2018,8.93,20.35,43909,Diesel,Dealer,Automatic,2
Car_3974,2022,3.28,4.43,24504,Diesel,Dealer,Manual,3
Car_3975,2020,3.09,6.63,100698,Petrol,Individual,Automatic,1
Car_3976,2010,1.95,19.56,92087,Diesel,Individual,Manual,0
Car_3977,2018,1.01,2.99,46716,CNG,Individual,Manual,0
Car_3978,2012,3.29,20.88,39571,Diesel,Dealer,Manual,0
Car_3979,2011,0.5,2.81,98280,Petrol,Individual,Manual,0
Car_3980,2012,2.36,17.29,50038,Petrol,Dealer,Manual,0
Car_3981,2017,3.01,10.71,77795,Petrol,Individual,Manual,1
Car_3982,2010,1.8,16.26,50168,Petrol,Individual,Manual,0
Car_3983,2022,12.74,18.16,72690,Petrol,Individual,Manual,0
Car_3984,2006,0.61,10.21,119053,Diesel,Individual,Automatic,0
Car_3985,2012,0.63,4.93,16230,Petrol,Dealer,Manual,0
Car_3986,2015,0.87,4.07,88301,Diesel,Individual,Manual,0
Car_3987,2005,0.66,15.75,141974,Diesel,Dealer,Manual,0
Car_3988,2010,1.34,14.21,71758,Diesel,Individual,Manual,2
Car_3989,2020,11.37,19.2,32050,Diesel,Individual,Automatic,1
Car_3990,2016,3.56,13.97,104805,Diesel,Individual,Manual,0
Car_3991,2015,2.93,12.01,74110,Diesel,Individual,Automatic,2
Car_3992,2014,1.77,11.46,107033,Petrol,Individual,Manual,1
Car_3993,2007,0.5,3.1,81693,CNG,Individual,Automatic,0
Car_3994,2017,3.38,10.05,127428,Petrol,Dealer,Automatic,0
Car_3995,2007,1.51,24.46,24575,CNG,Individual,Manual,0
Car_3996,2019,9.81,22.16,45244,Petrol,Individual,Manual,0
Car_3997,2020,5.18,9.91,19962,Petrol,Individual,Manual,0
Car_3998,2017,5.07,15.73,105695,Petrol,Dealer,Automatic,1
Car_3999,2021,12.22,21.56,95388,Diesel,Dealer,Manual,2
Car_4000,2007,0.76,12.43,82332,Petrol,Individual,Manual,0
Car_4001,2015,0.69,2.9,132386,Diesel,Individual,Manual,0
Car_4002,2023,3.97,4.18,50037,Diesel,Dealer,Automatic,0
Car_4003,2015,2.63,13.98,117666,Petrol,Individual,Manual,2
Car_4004,2020,14.31,24.31,132048,Diesel,Individual,Automatic,0
Car_4005,2007,1.22,18.1,88040,Petrol,Individual,Automatic,0
Car_4006,2010,0.5,4.1,116264,Diesel,Dealer,Manual,0
Car_4007,2018,2.48,6.76,15715,Diesel,Individual,Manual,1
Car_4008,2022,13.88,19.85,66726,Petrol,Individual,Manual,0
Car_4009,2021,9.64,21.43,137980,CNG,Individual,Manual,1
Car_4010,2008,1.32,16.4,123208,Diesel,Dealer,Manual,0
Car_4011,2019,7.55,17.0,58648,Diesel,Individual,Manual,0
Car_4012,2015,0.71,3.14,26134,Diesel,Individual,Manual,0
Car_4013,2007,1.47,21.14,61143,Diesel,Individual,Automatic,2
Car_4014,2007,1.22,20.24,74123,Petrol,Dealer,Manual,0
Car_4015,2020,3.82,8.33,138485,Petrol,Individual,Automatic,2
Car_4016,2009,1.51,18.45,147024,Petrol,Dealer,Manual,0
Car_4017,2014,1.36,7.33,126657,Diesel,Dealer,Manual,0
Car_4018,2023,2.56,3.41,71686,Petrol,Individual,Manual,1
Car_4019,2008,0.5,7.03,117841,CNG,Individual,Manual,0
Car_4020,2023,5.62,6.52,37264,Petrol,Dealer,Manual,0
Car_4021,2015,2.0,10.1,114885,Petrol,Dealer,Manual,0
Car_4022,2006,0.52,11.92,145880,Petrol,Individual,Manual,0
Car_4023,2014,3.36,13.94,57330,Diesel,Individual,Automatic,0
Car_4024,2015,2.64,13.23,119672,CNG,Individual,Manual,0
Car_4025,2020,4.95,8.59,43345,Petrol,Dealer,Automatic,0
Car_4026,2023,3.0,3.16,44222,Diesel,Dealer,Automatic,0
Car_4027,2015,3.34,16.11,62755,Petrol,Individual,Manual,1
Car_4028,2018,4.4,11.4,13933,Diesel,Individual,Manual,0
Car_4029,2006,0.5,9.22,73207,Petrol,Individual,Manual,1
Car_4030,2009,1.59,22.01,109691,Petrol,Individual,Manual,0
Car_4031,2009,1.49,19.3,110137,Diesel,Individual,Manual,1
Car_4032,2023,20.71,21.8,103818,Diesel,Individual,Automatic,1
Car_4033,2016,3.39,13.64,103510,Petrol,Dealer,Manual,1
Car_4034,2022,3.96,5.45,104251,Petrol,Individual,Automatic,1
Car_4035,2008,1.48,18.16,23212,Diesel,Dealer,Manual,0
Car_4036,2021,4.45,7.14,33174,Diesel,Dealer,Manual,0
Car_4037,2014,2.38,12.43,142933,CNG,Dealer,Automatic,1
Car_4038,2010,0.5,3.96,142166,Diesel,Dealer,Manual,0
Car_4039,2018,7.84,21.07,109649,CNG,Individual,Automatic,0
Car_4040,2015,1.15,5.33,56319,Petrol,Individual,Manual,0
Car_4041,2015,5.51,22.82,92846,Petrol,Individual,Automatic,0
Car_4042,2022,15.96,21.95,59808,Petrol,Individual,Automatic,1
Car_4043,2022,8.11,12.95,142015,Petrol,Individual,Manual,0
Car_4044,2015,5.41,19.25,47616,Diesel,Dealer,Automatic,0
Car_4045,2016,3.84,16.44,79329,Diesel,Individual,Manual,2
Car_4046,2009,1.54,20.57,132957,Petrol,Individual,Manual,0
Car_4047,2013,2.23,12.22,61152,Diesel,Dealer,Manual,0
Car_4048,2013,3.31,20.18,47351,Diesel,Individual,Manual,2
Car_4049,2014,2.34,12.91,127377,Diesel,Dealer,Manual,0
Car_4050,2023,20.32,23.67,65616,Petrol,Individual,Automatic,2
Car_4051,2005,0.62,13.44,28010,Diesel,Individual,Manual,0
Car_4052,2011,1.49,12.91,126822,Petrol,Individual,Automatic,0
Car_4053,2008,1.55,20.16,24050,CNG,Dealer,Automatic,0
Car_4054,2005,1.06,20.99,26125,CNG,Individual,Automatic,1
Car_4055,2019,6.44,14.98,97661,Petrol,Individual,Automatic,2
Car_4056,2012,0.86,6.55,93116,Petrol,Dealer,Automatic,2
Car_4057,2016,3.1,13.02,124233,Diesel,Individual,Manual,1
Car_4058,2022,15.54,24.28,95155,Petrol,Dealer,Manual,0
Car_4059,2019,6.59,19.44,134843,Petrol,Dealer,Manual,2
Car_4060,2021,10.69,20.75,18869,CNG,Dealer,Manual,1
Car_4061,2018,1.08,3.24,67167,Petrol,Individual,Manual,0
Car_4062,2018,4.11,13.03,148194,Petrol,Dealer,Manual,2
Car_4063,2022,10.73,17.05,149407,Diesel,Individual,Manual,2
Car_4064,2022,15.59,21.18,68576,Petrol,Dealer,Automatic,1
Car_4065,2020,1.89,3.61,26677,Petrol,Dealer,Manual,0
Car_4066,2005,0.86,21.68,130662,Diesel,Dealer,Manual,3
Car_4067,2015,3.16,14.84,81794,Petrol,Individual,Manual,0
Car_4068,2019,3.1,6.94,80675,Diesel,Dealer,Manual,1
Car_4069,2016,2.35,9.64,47325,CNG,Dealer,Manual,0
Car_4070,2012,1.26,8.84,45503,Diesel,Individual,Manual,2
Car_4071,2010,1.81,14.44,24514,Petrol,Individual,Automatic,0
Car_4072,2007,0.5,3.66,61196,Petrol,Dealer,Manual,1
Car_4073,2017,1.83,6.07,99633,Diesel,Individual,Manual,0
Car_4074,2017,6.11,20.79,88324,Diesel,Dealer,Manual,1
Car_4075,2006,0.5,5.48,146019,Diesel,Individual,Automatic,2
Car_4076,2009,0.64,7.75,90550,Diesel,Dealer,Manual,2
Car_4077,2021,7.54,12.7,85331,Petrol,Dealer,Manual,0
Car_4078,2010,1.76,14.14,28653,Petrol,Dealer,Automatic,0
Car_4079,2006,1.08,19.68,102294,Diesel,Dealer,Manual,0
Car_4080,2008,0.81,12.56,48755,CNG,Individual,Manual,0
Car_4081,2015,4.39,20.27,109296,Petrol,Dealer,Manual,2
Car_4082,2012,2.39,16.41,103354,Diesel,Dealer,Manual,1
Car_4083,2016,1.37,5.04,76988,Petrol,Individual,Manual,0
Car_4084,2012,0.88,6.02,42921,Petrol,Individual,Manual,0
Car_4085,2015,2.8,12.33,51668,Petrol,Dealer,Automatic,1
Car_4086,2012,1.54,11.43,60175,CNG,Dealer,Manual,0
Car_4087,2012,2.99,19.23,58452,Diesel,Dealer,Manual,0
Car_4088,2021,11.47,15.57,51149,Diesel,Dealer,Automatic,0
Car_4089,2020,7.32,11.23,20839,CNG,Dealer,Automatic,0
Car_4090,2018,2.89,6.34,7155,Petrol,Dealer,Automatic,0
Car_4091,2015,1.43,7.6,143091,Diesel,Individual,Manual,2
Car_4092,2011,1.88,15.45,59512,Diesel,Individual,Manual,0
Car_4093,2020,6.58,12.03,91150,Diesel,Individual,Automatic,2
Car_4094,2017,4.32,14.09,131041,Diesel,Dealer,Manual,1
Car_4095,2019,2.52,6.34,31190,Petrol,Individual,Manual,1
Car_4096,2020,10.07,17.42,15928,Diesel,Individual,Manual,0
Car_4097,2013,3.44,21.68,53425,Petrol,Individual,Manual,0
Car_4098,2007,0.5,8.3,79134,Petrol,Individual,Manual,0
Car_4099,2023,11.03,13.56,114875,Petrol,Individual,Automatic,1
Car_4100,2009,1.75,24.45,129264,Petrol,Dealer,Manual,1
Car_4101,2014,1.49,10.0,115191,Petrol,Individual,Manual,2
Car_4102,2021,8.65,15.89,108716,Petrol,Dealer,Manual,0
Car_4103,2019,1.74,4.53,61321,Petrol,Dealer,Manual,0
Car_4104,2012,2.48,16.14,118782,Petrol,Dealer,Automatic,0
Car_4105,2019,1.94,4.52,114398,Petrol,Individual,Automatic,0
Car_4106,2018,8.99,24.08,63973,Diesel,Individual,Manual,0
Car_4107,2011,2.33,18.6,57414,Diesel,Individual,Automatic,2
Car_4108,2016,5.74,20.23,34692,Diesel,Dealer,Manual,0
Car_4109,2021,8.55,18.34,110958,CNG,Dealer,Manual,2
Car_4110,2021,10.58,15.77,53750,Petrol,Individual,Automatic,0
Car_4111,2014,2.56,12.62,73456,Petrol,Individual,Automatic,0
Car_4112,2023,16.32,21.81,29085,Petrol,Individual,Manual,1
Car_4113,2018,8.25,24.03,27925,CNG,Dealer,Manual,0
Car_4114,2015,3.2,13.73,10615,Diesel,Individual,Manual,2
Car_4115,2006,1.11,23.46,42083,Petrol,Dealer,Manual,2
Car_4116,2022,9.56,15.62,115764,Petrol,Individual,Manual,1
Car_4117,2011,1.56,14.61,14605,Diesel,Individual,Manual,3
Car_4118,2016,3.68,12.73,116093,Petrol,Dealer,Automatic,0
Car_4119,2006,0.5,7.21,49608,Diesel,Individual,Manual,0
Car_4120,2022,1.28,2.58,133788,CNG,Individual,Manual,2
Car_4121,2010,1.1,7.93,24192,Diesel,Individual,Automatic,0
Car_4122,2014,2.22,13.97,139403,CNG,Individual,Manual,0
Car_4123,2019,5.64,11.05,56330,Petrol,Dealer,Automatic,0
Car_4124,2009,1.28,12.59,54949,Diesel,Dealer,Automatic,0
Car_4125,2007,1.75,24.56,73382,Diesel,Individual,Automatic,1
Car_4126,2009,0.95,10.38,104233,Diesel,Individual,Manual,0
Car_4127,2012,1.77,12.67,57243,Diesel,Individual,Manual,0
Car_4128,2012,0.72,5.5,105566,Diesel,Individual,Manual,0
Car_4129,2012,0.62,3.58,63618,Diesel,Dealer,Automatic,0
Car_4130,2016,4.8,19.95,143621,Petrol,Dealer,Automatic,2
Car_4131,2012,1.78,15.34,123168,Petrol,Individual,Manual,1
Car_4132,2015,4.46,19.62,57494,Petrol,Individual,Manual,0
Car_4133,2018,2.48,5.87,28958,CNG,Individual,Automatic,0
Car_4134,2012,1.86,15.37,112960,CNG,Individual,Manual,0
Car_4135,2014,1.38,8.21,107478,Petrol,Individual,Manual,0
Car_4136,2011,0.98,7.63,10833,Petrol,Individual,Automatic,1
Car_4137,2021,1.44,2.76,104341,CNG,Dealer,Manual,0
Car_4138,2008,0.5,5.43,99240,Petrol,Dealer,Manual,0
Car_4139,2017,2.67,9.46,112955,Petrol,Individual,Manual,1
Car_4140,2008,0.5,5.13,9073,Petrol,Individual,Automatic,1
Car_4141,2009,2.33,24.68,22667,Petrol,Dealer,Manual,1
Car_4142,2008,0.71,9.44,11732,Diesel,Dealer,Manual,1
Car_4143,2022,3.71,5.43,60097,Petrol,Dealer,Manual,0
Car_4144,2010,0.77,6.98,8487,Diesel,Dealer,Manual,0
Car_4145,2006,0.81,15.72,62702,CNG,Dealer,Manual,1
Car_4146,2015,0.89,3.94,99961,Petrol,Individual,Manual,0
Car_4147,2018,7.57,21.9,90107,Petrol,Dealer,Manual,0
Car_4148,2009,2.16,24.13,112721,Diesel,Individual,Automatic,1
Car_4149,2010,0.94,8.05,76031,Diesel,Dealer,Automatic,1
Car_4150,2014,2.67,12.63,89217,Petrol,Dealer,Automatic,0
Car_4151,2012,0.5,3.0,19781,Petrol,Individual,Automatic,0
Car_4152,2018,5.93,16.92,44865,Petrol,Individual,Manual,1
Car_4153,2007,0.97,11.81,13469,Diesel,Dealer,Automatic,0
Car_4154,2016,2.66,8.58,50167,Petrol,Individual,Automatic,0
Car_4155,2020,3.71,7.15,24928,Petrol,Dealer,Manual,1
Car_4156,2021,10.96,17.22,44599,Petrol,Dealer,Manual,0
Car_4157,2005,0.55,11.86,71504,Diesel,Individual,Manual,0
Car_4158,2014,1.29,6.54,75687,Petrol,Individual,Manual,0
Car_4159,2014,3.07,18.0,114122,Diesel,Individual,Manual,2
Car_4160,2006,0.7,15.21,91284,Petrol,Dealer,Manual,2
Car_4161,2013,3.58,21.82,90227,Petrol,Individual,Automatic,2
Car_4162,2017,1.98,5.14,102556,Diesel,Dealer,Automatic,0
Car_4163,2020,10.27,20.18,48560,Diesel,Individual,Manual,1
Car_4164,2022,11.57,17.65,32256,Diesel,Dealer,Manual,2
Car_4165,2023,4.83,5.09,11125,Diesel,Individual,Manual,0
Car_4166,2016,6.28,18.13,9370,Petrol,Dealer,Automatic,0
Car_4167,2012,1.72,12.43,9838,Diesel,Individual,Manual,1
Car_4168,2021,14.25,23.76,119479,Petrol,Dealer,Automatic,2
Car_4169,2019,1.96,5.69,62429,Petrol,Individual,Manual,3
Car_4170,2014,3.35,16.96,139206,Diesel,Dealer,Manual,0
Car_4171,2019,5.48,11.09,48199,Diesel,Dealer,Automatic,3
Car_4172,2019,11.03,24.03,82092,Diesel,Dealer,Manual,0
Car_4173,2011,1.34,9.92,129925,Diesel,Individual,Automatic,0
Car_4174,2017,5.76,24.15,25113,CNG,Dealer,Manual,3
Car_4175,2021,13.08,22.78,101102,Petrol,Dealer,Automatic,2
Car_4176,2013,1.37,8.58,7669,CNG,Dealer,Manual,1
Car_4177,2012,2.34,20.58,149010,Diesel,Individual,Manual,2
Car_4178,2022,15.95,24.9,141789,Diesel,Dealer,Manual,1
Car_4179,2017,2.63,8.18,82818,Diesel,Dealer,Manual,0
Car_4180,2020,5.42,12.33,84737,Diesel,Individual,Manual,2
Car_4181,2013,2.56,14.2,29406,Diesel,Individual,Automatic,3
Car_4182,2016,3.11,9.14,17873,Petrol,Dealer,Automatic,0
Car_4183,2016,0.6,2.84,130812,CNG,Individual,Manual,0
Car_4184,2010,0.69,7.45,87048,Petrol,Dealer,Manual,0
Car_4185,2023,7.9,8.84,28461,Petrol,Dealer,Automatic,2
Car_4186,2011,1.32,12.48,18448,Petrol,Individual,Manual,1
Car_4187,2007,0.5,6.35,20198,Petrol,Individual,Automatic,3
Car_4188,2020,12.88,22.15,78158,Petrol,Dealer,Automatic,0
Car_4189,2022,13.89,18.36,70470,Petrol,Dealer,Automatic,1
Car_4190,2020,2.23,4.42,25739,Petrol,Dealer,Manual,2
Car_4191,2011,2.07,17.13,89054,Petrol,Individual,Automatic,0
Car_4192,2008,1.11,17.21,63186,Petrol,Individual,Manual,1
Car_4193,2012,3.1,24.01,31547,Petrol,Dealer,Manual,1
Car_4194,2017,0.6,2.57,99472,CNG,Individual,Manual,1
Car_4195,2017,2.24,8.08,90823,Petrol,Dealer,Manual,1
Car_4196,2021,11.01,23.38,111887,Petrol,Individual,Manual,2
Car_4197,2021,16.36,23.47,15686,Petrol,Dealer,Automatic,0
Car_4198,2009,1.56,18.71,39062,Petrol,Individual,Manual,0
Car_4199,2010,1.95,19.73,53216,Diesel,Dealer,Manual,2
Car_4200,2023,3.96,4.56,36653,Petrol,Individual,Automatic,0
Car_4201,2017,5.51,14.06,26673,Petrol,Dealer,Automatic,0
Car_4202,2018,2.41,7.71,146439,Petrol,Dealer,Manual,0
Car_4203,2008,0.54,6.58,24629,Diesel,Individual,Automatic,0
Car_4204,2011,2.72,20.73,125756,Diesel,Individual,Automatic,1
Car_4205,2012,0.66,5.54,116641,Petrol,Dealer,Manual,1
Car_4206,2017,4.51,13.04,30063,Petrol,Individual,Automatic,1
Car_4207,2010,2.18,23.62,24322,Petrol,Individual,Manual,1
Car_4208,2010,0.8,6.68,17693,Diesel,Individual,Automatic,0
Car_4209,2007,1.31,24.5,145313,Petrol,Dealer,Manual,0
Car_4210,2007,1.35,24.87,107379,Petrol,Dealer,Manual,2
Car_4211,2017,4.5,15.0,17651,Petrol,Individual,Manual,0
Car_4212,2006,0.5,6.33,14275,Petrol,Dealer,Manual,0
Car_4213,2020,4.18,9.61,50606,Petrol,Individual,Manual,1
Car_4214,2010,1.51,12.05,6658,Petrol,Individual,Automatic,0
Car_4215,2012,1.17,9.46,77468,Petrol,Dealer,Manual,0
Car_4216,2012,1.27,8.81,46150,Petrol,Dealer,Manual,0
Car_4217,2010,2.12,24.38,19999,Diesel,Individual,Manual,3
Car_4218,2018,2.47,5.95,11376,Petrol,Dealer,Automatic,0
Car_4219,2007,1.4,19.0,56673,Diesel,Individual,Automatic,0
Car_4220,2014,0.6,2.51,8476,Diesel,Individual,Automatic,1
Car_4221,2007,1.08,15.91,74902,Diesel,Dealer,Automatic,2
Car_4222,2016,5.21,23.11,96269,CNG,Dealer,Manual,1
Car_4223,2021,5.74,8.98,103331,Petrol,Individual,Automatic,0
Car_4224,2009,0.59,6.67,16164,Petrol,Individual,Manual,0
Car_4225,2013,3.87,17.16,44316,Diesel,Dealer,Automatic,0
Car_4226,2011,2.17,18.53,67968,Diesel,Dealer,Manual,1
Car_4227,2008,1.38,17.98,145119,Diesel,Individual,Automatic,1
Car_4228,2017,2.59,9.68,142649,Petrol,Individual,Manual,0
Car_4229,2017,2.29,8.17,139942,Diesel,Individual,Manual,1
Car_4230,2014,4.1,24.01,39094,CNG,Individual,Manual,1
Car_4231,2022,14.35,23.27,60329,Petrol,Individual,Manual,2
Car_4232,2021,5.65,12.79,145289,CNG,Individual,Manual,1
Car_4233,2017,6.01,21.54,88138,Petrol,Individual,Manual,1
Car_4234,2021,8.0,12.68,71141,Petrol,Dealer,Automatic,2
Car_4235,2008,0.8,12.05,133307,Petrol,Individual,Manual,0
Car_4236,2005,0.5,6.03,149075,Petrol,Individual,Manual,0
Car_4237,2005,0.68,12.09,88197,Diesel,Dealer,Automatic,1
Car_4238,2019,6.7,14.59,87318,Diesel,Dealer,Manual,0
Car_4239,2017,1.04,3.01,84023,Diesel,Individual,Automatic,0
Car_4240,2021,6.61,12.49,56962,Petrol,Individual,Manual,2
Car_4241,2012,2.23,20.08,118037,Petrol,Individual,Manual,1
Car_4242,2022,11.5,17.8,92601,Petrol,Individual,Manual,2
Car_4243,2017,4.14,16.79,89859,CNG,Dealer,Manual,2
Car_4244,2018,9.45,22.96,95933,Petrol,Individual,Automatic,0
Car_4245,2012,0.5,2.91,50957,Diesel,Dealer,Manual,1
Car_4246,2012,2.03,15.03,87864,Petrol,Dealer,Automatic,3
Car_4247,2019,7.53,20.22,131358,Petrol,Dealer,Manual,0
Car_4248,2017,4.7,14.68,48739,Petrol,Individual,Automatic,1
Car_4249,2011,1.27,9.79,43733,Petrol,Dealer,Automatic,1
Car_4250,2009,0.5,5.57,50389,CNG,Dealer,Manual,0
Car_4251,2021,16.96,22.47,61922,Diesel,Dealer,Automatic,0
Car_4252,2020,6.24,13.09,22580,CNG,Dealer,Manual,0
Car_4253,2006,1.16,22.26,120900,Diesel,Individual,Manual,0
Car_4254,2022,11.48,15.68,136895,Diesel,Individual,Automatic,1
Car_4255,2021,10.16,17.67,12084,Diesel,Individual,Manual,3
Car_4256,2011,2.28,20.6,82991,Diesel,Individual,Manual,0
Car_4257,2017,5.32,17.33,146679,Diesel,Individual,Manual,0
Car_4258,2022,8.92,11.46,87455,Petrol,Individual,Automatic,1
Car_4259,2018,4.54,14.06,117540,Petrol,Individual,Automatic,3
Car_4260,2022,17.19,20.57,119540,Diesel,Dealer,Automatic,1
Car_4261,2017,2.97,10.91,148041,Petrol,Dealer,Manual,1
Car_4262,2015,2.86,11.23,22333,Petrol,Dealer,Automatic,1
Car_4263,2020,2.64,4.65,132182,Diesel,Dealer,Automatic,1
Car_4264,2021,15.38,23.08,41668,Petrol,Dealer,Manual,0
Car_4265,2012,0.74,4.55,16945,Diesel,Individual,Manual,0
Car_4266,2023,13.76,17.08,107528,Petrol,Individual,Automatic,0
Car_4267,2019,6.14,11.8,51526,Diesel,Dealer,Automatic,0
Car_4268,2013,1.93,11.63,52717,Petrol,Dealer,Manual,0
Car_4269,2014,3.07,17.79,95480,CNG,Individual,Automatic,1
Car_4270,2016,0.92,4.01,140673,CNG,Dealer,Manual,0
Car_4271,2005,0.78,15.86,17930,CNG,Dealer,Automatic,0
Car_4272,2013,3.06,19.87,9333,Petrol,Individual,Manual,1
Car_4273,2019,9.01,21.13,125384,Petrol,Individual,Manual,0
Car_4274,2005,0.5,6.34,22839,CNG,Individual,Manual,0
Car_4275,2016,6.38,22.69,56337,Diesel,Individual,Automatic,3
Car_4276,2007,0.94,17.26,25195,CNG,Individual,Manual,0
Car_4277,2015,6.1,22.34,94229,Diesel,Dealer,Automatic,0
Car_4278,2006,0.66,13.42,118251,Petrol,Dealer,Manual,0
Car_4279,2020,7.39,14.7,117265,Petrol,Dealer,Automatic,2
Car_4280,2013,3.65,23.18,106986,Diesel,Dealer,Manual,1
Car_4281,2019,10.77,22.75,55998,Diesel,Individual,Manual,0
Car_4282,2016,3.35,12.58,36558,Petrol,Individual,Manual,1
Car_4283,2005,0.5,8.67,7985,Petrol,Individual,Manual,0
Car_4284,2017,4.19,11.35,66794,Diesel,Individual,Automatic,0
Car_4285,2018,4.05,11.22,48585,Diesel,Individual,Manual,1
Car_4286,2012,1.28,8.95,45264,Petrol,Individual,Manual,0
Car_4287,2012,1.18,8.54,89816,Petrol,Dealer,Manual,0
Car_4288,2016,5.89,21.87,39022,Petrol,Individual,Manual,0
Car_4289,2005,0.5,4.07,23065,Petrol,Individual,Manual,2
Car_4290,2015,2.86,17.75,119382,CNG,Dealer,Manual,3
Car_4291,2012,0.87,6.39,133145,Diesel,Individual,Manual,1
Car_4292,2014,2.0,10.25,92191,Diesel,Individual,Manual,2
Car_4293,2023,2.97,3.88,146078,Diesel,Dealer,Manual,1
Car_4294,2015,1.65,8.57,76819,Petrol,Individual,Manual,2
Car_4295,2011,2.36,19.79,112158,Diesel,Dealer,Manual,0
Car_4296,2015,5.0,22.41,8143,CNG,Individual,Automatic,1
Car_4297,2021,5.21,7.48,62505,Diesel,Dealer,Automatic,2
Car_4298,2005,0.5,12.93,148489,Petrol,Dealer,Manual,2
Car_4299,2012,1.94,13.08,33896,Diesel,Dealer,Manual,0
Car_4300,2010,2.02,22.16,55629,CNG,Individual,Manual,0
Car_4301,2022,13.43,19.66,44916,Petrol,Individual,Automatic,2
Car_4302,2010,1.24,14.04,66330,Petrol,Individual,Manual,1
Car_4303,2009,1.32,17.59,12551,CNG,Individual,Automatic,3
Car_4304,2017,5.53,21.57,105972,CNG,Individual,Manual,1
Car_4305,2023,2.2,2.71,124623,Petrol,Dealer,Automatic,2
Car_4306,2012,1.32,11.57,118216,Petrol,Individual,Manual,0
Car_4307,2013,3.79,22.91,72782,Petrol,Dealer,Manual,0
Car_4308,2021,9.96,19.16,70391,Petrol,Individual,Manual,1
Car_4309,2007,0.77,14.71,109957,CNG,Dealer,Manual,2
Car_4310,2023,10.98,14.42,128546,Petrol,Dealer,Automatic,1
Car_4311,2015,2.44,10.32,130006,Petrol,Individual,Automatic,0
Car_4312,2021,7.75,14.21,68411,CNG,Dealer,Manual,1
Car_4313,2023,12.06,17.25,78185,Petrol,Individual,Manual,1
Car_4314,2006,0.61,11.91,136960,Diesel,Individual,Automatic,2
Car_4315,2012,2.42,18.57,132574,Petrol,Dealer,Manual,0
Car_4316,2023,19.25,21.88,34424,Diesel,Individual,Manual,0
Car_4317,2011,0.65,5.98,46559,CNG,Individual,Manual,0
Car_4318,2021,8.1,12.66,16075,Petrol,Dealer,Manual,0
Car_4319,2010,1.3,11.68,14950,Diesel,Individual,Automatic,3
Car_4320,2023,12.87,17.97,141485,CNG,Dealer,Manual,0
Car_4321,2010,0.7,8.12,44305,CNG,Dealer,Manual,2
Car_4322,2006,0.79,16.91,8569,Petrol,Dealer,Manual,3
Car_4323,2010,2.15,22.24,71778,Petrol,Individual,Manual,0
Car_4324,2009,1.04,11.91,107633,Petrol,Individual,Automatic,2
Car_4325,2023,19.72,23.0,35085,Petrol,Dealer,Manual,0
Car_4326,2008,1.55,24.85,101307,Petrol,Dealer,Manual,1
Car_4327,2021,3.29,4.89,97174,Petrol,Individual,Automatic,0
Car_4328,2015,1.74,7.74,41163,Diesel,Individual,Manual,3
Car_4329,2008,1.77,23.88,54592,Diesel,Individual,Manual,1
Car_4330,2017,7.59,24.06,122431,Diesel,Dealer,Manual,2
Car_4331,2021,3.09,4.7,13039,Diesel,Dealer,Manual,1
Car_4332,2013,0.5,2.84,144270,Petrol,Individual,Manual,1
Car_4333,2008,0.5,6.12,8824,Diesel,Dealer,Manual,0
Car_4334,2018,9.99,24.91,55420,Diesel,Dealer,Manual,0
Car_4335,2023,5.97,6.55,94535,Petrol,Individual,Automatic,0
Car_4336,2007,0.75,13.81,8436,Petrol,Individual,Manual,2
Car_4337,2018,9.66,21.59,98550,Diesel,Individual,Automatic,0
Car_4338,2012,0.5,2.96,21057,Petrol,Dealer,Manual,3
Car_4339,2005,0.81,16.1,6310,Diesel,Individual,Automatic,2
Car_4340,2014,1.61,8.73,131913,CNG,Individual,Automatic,0
Car_4341,2022,14.85,21.9,71013,Petrol,Individual,Manual,0
Car_4342,2020,5.25,8.88,65022,Diesel,Dealer,Automatic,2
Car_4343,2012,2.16,17.95,144978,Petrol,Individual,Manual,0
Car_4344,2005,0.76,17.67,145940,Diesel,Individual,Automatic,0
Car_4345,2016,2.58,7.48,23546,Diesel,Individual,Automatic,0
Car_4346,2012,0.5,3.28,103812,Petrol,Individual,Manual,3
Car_4347,2020,5.83,11.71,77855,Diesel,Dealer,Manual,1
Car_4348,2022,6.96,9.01,38149,Diesel,Dealer,Manual,0
Car_4349,2008,1.41,20.7,118591,Petrol,Dealer,Manual,0
Car_4350,2010,1.82,20.51,34858,CNG,Dealer,Manual,0
Car_4351,2016,3.16,12.78,50330,Petrol,Individual,Manual,0
Car_4352,2013,2.36,16.15,97203,Diesel,Individual,Manual,2
Car_4353,2019,6.85,16.1,30293,Petrol,Dealer,Manual,1
Car_4354,2020,10.11,21.11,61869,Diesel,Individual,Manual,1
Car_4355,2016,3.15,12.06,95429,Diesel,Dealer,Manual,0
Car_4356,2018,2.91,8.7,140701,Diesel,Dealer,Manual,1
Car_4357,2017,3.55,8.46,10704,Diesel,Dealer,Automatic,0
Car_4358,2006,0.73,14.56,137848,Diesel,Individual,Automatic,2
Car_4359,2007,0.75,12.61,53281,Petrol,Individual,Manual,1
Car_4360,2014,2.61,12.4,121972,Petrol,Individual,Automatic,0
Car_4361,2013,0.88,4.55,118532,Petrol,Dealer,Automatic,0
Car_4362,2012,2.76,18.67,71780,Petrol,Dealer,Automatic,2
Car_4363,2014,1.27,7.31,137405,Petrol,Individual,Manual,0
Car_4364,2023,5.17,6.93,60333,CNG,Individual,Manual,1
Car_4365,2007,0.53,11.79,138005,CNG,Individual,Manual,1
Car_4366,2009,0.65,7.63,94893,Petrol,Dealer,Manual,0
Car_4367,2007,0.92,15.64,67958,Petrol,Individual,Manual,1
Car_4368,2020,4.84,10.86,142899,Petrol,Dealer,Manual,1
Car_4369,2021,7.97,12.6,35844,Diesel,Individual,Manual,1
Car_4370,2019,5.88,14.59,119501,Petrol,Dealer,Manual,0
Car_4371,2007,0.5,7.08,96200,Diesel,Individual,Manual,2
Car_4372,2016,2.06,6.0,5792,Diesel,Individual,Automatic,0
Car_4373,2013,4.51,22.31,88187,Diesel,Dealer,Automatic,0
Car_4374,2016,3.57,12.26,47510,Petrol,Dealer,Automatic,0
Car_4375,2019,4.24,11.77,118104,Petrol,Dealer,Manual,2
Car_4376,2006,0.5,3.3,44632,Petrol,Dealer,Automatic,0
Car_4377,2022,9.18,13.7,88568,Petrol,Dealer,Manual,1
Car_4378,2016,4.14,14.97,70214,CNG,Dealer,Automatic,1
Car_4379,2008,0.96,15.07,49870,Petrol,Individual,Manual,2
Car_4380,2020,9.58,18.41,53110,Petrol,Dealer,Manual,1
Car_4381,2020,3.12,6.49,114414,CNG,Dealer,Automatic,1
Car_4382,2005,0.5,8.18,141243,Petrol,Individual,Automatic,2
Car_4383,2006,1.08,20.74,145661,Petrol,Dealer,Automatic,1
Car_4384,2007,1.57,23.81,23077,Diesel,Individual,Automatic,2
Car_4385,2021,3.88,5.56,69874,Diesel,Individual,Manual,0
Car_4386,2005,0.63,13.7,14754,Petrol,Individual,Manual,0
Car_4387,2010,0.68,7.32,30688,Diesel,Dealer,Manual,2
Car_4388,2019,1.72,3.85,12048,Diesel,Individual,Manual,2
Car_4389,2018,3.95,9.82,27568,Petrol,Dealer,Automatic,2
Car_4390,2019,2.81,5.73,102583,Diesel,Individual,Automatic,1
Car_4391,2018,6.21,18.47,99449,Diesel,Dealer,Manual,3
Car_4392,2009,1.07,14.51,50217,CNG,Individual,Manual,0
Car_4393,2010,0.51,5.74,144781,CNG,Dealer,Manual,0
Car_4394,2021,1.6,2.71,132873,Petrol,Individual,Automatic,0
Car_4395,2015,4.09,20.68,30358,Diesel,Individual,Manual,3
Car_4396,2020,3.07,6.46,119064,Petrol,Dealer,Manual,0
Car_4397,2016,4.09,16.14,16023,Petrol,Dealer,Manual,1
Car_4398,2019,4.33,10.08,100387,Petrol,Dealer,Manual,0
Car_4399,2008,1.52,15.67,91728,Diesel,Dealer,Automatic,0
Car_4400,2022,7.86,9.6,32410,Diesel,Dealer,Automatic,1
Car_4401,2007,0.5,4.46,110696,Petrol,Individual,Manual,1
Car_4402,2012,1.1,7.52,16447,Diesel,Individual,Manual,0
Car_4403,2007,0.5,6.73,122954,Diesel,Individual,Automatic,0
Car_4404,2012,1.84,12.13,91569,Diesel,Individual,Automatic,0
Car_4405,2022,10.87,17.31,100894,Petrol,Individual,Manual,1
Car_4406,2014,1.64,8.44,18907,Diesel,Individual,Manual,0
Car_4407,2021,1.71,2.77,26637,CNG,Dealer,Automatic,1
Car_4408,2012,1.83,14.18,138661,Petrol,Individual,Manual,0
Car_4409,2015,4.27,16.13,28560,Petrol,Individual,Automatic,1
Car_4410,2009,1.83,24.16,8034,CNG,Individual,Manual,0
Car_4411,2017,4.64,15.76,136241,Diesel,Individual,Manual,0
Car_4412,2009,1.11,13.1,97449,Diesel,Individual,Manual,0
Car_4413,2017,4.96,15.4,8239,Petrol,Individual,Automatic,1
Car_4414,2010,2.73,23.38,8415,Diesel,Individual,Automatic,1
Car_4415,2009,1.48,21.14,81944,Petrol,Individual,Manual,2
Car_4416,2013,1.36,9.77,139556,Petrol,Dealer,Manual,2
Car_4417,2020,3.89,7.84,58987,Petrol,Dealer,Manual,1
Car_4418,2006,0.5,8.41,23225,Petrol,Individual,Automatic,1
Car_4419,2005,0.67,13.85,85459,Diesel,Individual,Automatic,1
Car_4420,2012,3.0,19.24,25936,CNG,Dealer,Automatic,1
Car_4421,2023,10.65,13.82,44612,Petrol,Individual,Manual,1
Car_4422,2015,1.0,4.03,100533,Diesel,Dealer,Manual,0
Car_4423,2016,4.61,18.78,125877,Petrol,Individual,Manual,0
Car_4424,2016,5.05,20.63,107269,Petrol,Dealer,Manual,1
Car_4425,2011,1.0,9.01,44952,CNG,Dealer,Manual,1
Car_4426,2017,6.22,17.44,63945,Petrol,Dealer,Automatic,0
Car_4427,2012,1.71,12.1,10380,Petrol,Dealer,Manual,0
Car_4428,2013,3.61,22.51,85821,Petrol,Dealer,Manual,0
Car_4429,2011,2.93,21.52,54744,Diesel,Dealer,Automatic,3
Car_4430,2019,7.09,14.32,85262,Petrol,Dealer,Automatic,0
Car_4431,2006,0.88,18.06,62331,Petrol,Dealer,Manual,1
Car_4432,2016,5.09,22.38,97551,Diesel,Dealer,Manual,3
Car_4433,2005,0.54,13.65,68815,Petrol,Individual,Manual,0
Car_4434,2012,1.08,9.55,76519,Petrol,Individual,Manual,2
Car_4435,2009,1.69,19.46,97526,Petrol,Dealer,Automatic,2
Car_4436,2019,3.49,7.45,114365,Petrol,Dealer,Automatic,0
Car_4437,2005,0.54,11.24,41366,Diesel,Individual,Manual,0
Car_4438,2005,1.12,21.98,104830,Diesel,Dealer,Automatic,0
Car_4439,2014,4.61,18.8,46911,Diesel,Individual,Automatic,0
Car_4440,2014,2.21,11.59,88422,Petrol,Dealer,Automatic,3
Car_4441,2019,3.59,7.33,58619,Petrol,Dealer,Automatic,0
Car_4442,2021,5.51,10.51,27791,Petrol,Dealer,Manual,2
Car_4443,2010,0.96,8.89,13301,Petrol,Dealer,Manual,0
Car_4444,2007,0.5,6.46,131866,Petrol,Individual,Manual,3
Car_4445,2017,5.39,19.22,108623,Petrol,Dealer,Manual,0
Car_4446,2020,3.5,8.17,117824,Petrol,Individual,Manual,1
Car_4447,2012,1.88,12.72,41894,Diesel,Dealer,Manual,0
Car_4448,2019,5.56,11.18,84618,Petrol,Individual,Automatic,0
Car_4449,2021,14.41,24.6,75994,Petrol,Dealer,Manual,0
Car_4450,2021,8.18,11.3,46770,Petrol,Dealer,Automatic,0
Car_4451,2017,1.19,4.3,27300,Petrol,Individual,Manual,0
Car_4452,2021,2.39,4.52,123025,Diesel,Dealer,Manual,1
Car_4453,2010,1.37,15.79,125605,Petrol,Individual,Manual,0
Car_4454,2021,9.0,15.99,45285,Petrol,Individual,Manual,1
Car_4455,2020,4.86,11.92,122713,Petrol,Individual,Manual,1
Car_4456,2018,5.09,12.22,53671,Petrol,Dealer,Automatic,1
Car_4457,2017,1.08,3.71,123216,Diesel,Individual,Manual,2
Car_4458,2010,1.29,14.12,25270,CNG,Individual,Automatic,2
Car_4459,2007,0.76,13.86,124870,Petrol,Individual,Manual,0
Car_4460,2018,2.15,5.86,132897,Diesel,Dealer,Manual,0
Car_4461,2018,1.66,4.84,149770,Petrol,Individual,Automatic,1
Car_4462,2019,2.09,5.28,77265,Petrol,Individual,Manual,1
Car_4463,2012,0.67,4.77,16171,Petrol,Individual,Manual,0
Car_4464,2019,6.84,16.22,65684,Diesel,Individual,Manual,1
Car_4465,2017,2.11,6.92,54948,Petrol,Individual,Manual,0
Car_4466,2021,4.85,8.16,39725,CNG,Dealer,Manual,0
Car_4467,2007,0.5,6.41,24450,Petrol,Individual,Manual,1
Car_4468,2010,1.92,24.05,149372,Petrol,Individual,Manual,0
Car_4469,2009,1.79,21.73,130900,Diesel,Dealer,Manual,0
Car_4470,2021,4.91,7.69,89600,CNG,Dealer,Automatic,0
Car_4471,2006,0.55,9.87,140513,Diesel,Individual,Manual,0
Car_4472,2019,3.57,7.22,116315,Diesel,Dealer,Automatic,0
Car_4473,2009,1.12,13.57,25115,Petrol,Dealer,Manual,0
Car_4474,2010,0.5,2.94,104405,Petrol,Individual,Automatic,0
Car_4475,2010,2.01,17.61,92404,Petrol,Individual,Automatic,0
Car_4476,2022,9.29,14.27,149687,Petrol,Individual,Manual,0
Car_4477,2022,16.21,22.72,115670,CNG,Dealer,Automatic,0
Car_4478,2008,0.5,6.2,47738,Diesel,Dealer,Manual,0
Car_4479,2021,11.12,20.59,137053,Diesel,Individual,Manual,1
Car_4480,2018,6.9,20.32,86666,Petrol,Individual,Manual,1
Car_4481,2018,2.42,5.36,89351,Diesel,Dealer,Automatic,1
Car_4482,2017,3.74,11.47,144638,Diesel,Individual,Automatic,1
Car_4483,2011,0.78,6.33,15728,Petrol,Individual,Manual,0
Car_4484,2016,1.9,8.23,110852,Petrol,Dealer,Manual,3
Car_4485,2019,4.04,8.42,88911,Diesel,Dealer,Manual,0
Car_4486,2023,13.07,15.02,122616,Diesel,Dealer,Manual,0
Car_4487,2015,2.32,11.76,41214,CNG,Individual,Manual,0
Car_4488,2019,9.18,23.82,50588,Petrol,Dealer,Manual,2
Car_4489,2016,1.11,5.34,73408,Petrol,Individual,Manual,2
Car_4490,2007,1.56,24.41,39103,Petrol,Individual,Automatic,2
Car_4491,2021,4.39,7.69,75949,Petrol,Individual,Manual,0
Car_4492,2007,1.54,19.89,18423,Diesel,Dealer,Automatic,2
Car_4493,2023,8.43,10.13,43062,Petrol,Individual,Manual,0
Car_4494,2008,0.5,5.72,6987,CNG,Individual,Automatic,1
Car_4495,2007,1.22,21.8,67979,Diesel,Individual,Manual,2
Car_4496,2020,4.56,9.45,42597,Petrol,Individual,Manual,1
Car_4497,2016,5.01,17.32,88905,Petrol,Individual,Automatic,0
Car_4498,2012,2.56,15.24,81970,Diesel,Individual,Automatic,1
Car_4499,2021,8.46,13.11,68805,Diesel,Dealer,Manual,0
Car_4500,2011,1.48,13.66,124779,Petrol,Individual,Manual,0
Car_4501,2015,4.23,18.98,62467,Petrol,Individual,Manual,1
Car_4502,2022,3.08,4.47,112732,Diesel,Individual,Manual,0
Car_4503,2005,0.8,17.53,106460,Diesel,Dealer,Manual,0
Car_4504,2007,1.15,22.66,139461,Petrol,Dealer,Manual,1
Car_4505,2008,0.5,3.8,123105,Diesel,Individual,Manual,1
Car_4506,2017,1.56,5.66,129535,CNG,Dealer,Manual,0
Car_4507,2010,2.02,18.62,14458,Petrol,Individual,Manual,0
Car_4508,2018,4.49,12.34,73481,Diesel,Individual,Automatic,2
Car_4509,2009,0.89,11.58,79888,Petrol,Individual,Manual,0
Car_4510,2020,2.42,5.58,81022,Petrol,Dealer,Manual,1
Car_4511,2019,5.57,13.9,72628,Petrol,Dealer,Manual,3
Car_4512,2019,2.1,5.35,75648,Petrol,Individual,Manual,1
Car_4513,2008,1.01,13.22,21937,Diesel,Individual,Manual,0
Car_4514,2012,2.74,19.68,6112,Diesel,Individual,Manual,0
Car_4515,2020,4.49,8.31,53355,Petrol,Individual,Automatic,1
Car_4516,2020,6.84,13.32,80561,Petrol,Individual,Automatic,1
Car_4517,2008,1.82,24.82,123181,Diesel,Dealer,Automatic,1
Car_4518,2017,5.3,17.95,65482,Petrol,Individual,Manual,0
Car_4519,2017,7.01,21.43,84098,Petrol,Dealer,Manual,0
Car_4520,2006,0.7,11.83,147376,Diesel,Dealer,Automatic,0
Car_4521,2007,1.01,19.78,127978,CNG,Individual,Manual,1
Car_4522,2012,0.5,3.41,61625,Petrol,Individual,Manual,1
Car_4523,2019,2.17,5.27,129359,Diesel,Individual,Manual,0
Car_4524,2015,1.73,7.07,76246,Petrol,Dealer,Automatic,1
Car_4525,2013,2.1,11.54,17588,Diesel,Dealer,Manual,1
Car_4526,2011,2.45,21.53,120910,Diesel,Dealer,Manual,2
Car_4527,2017,3.8,10.29,133658,Diesel,Individual,Automatic,0
Car_4528,2006,1.26,17.23,25967,Diesel,Dealer,Automatic,0
Car_4529,2012,2.19,18.46,135153,Petrol,Individual,Manual,0
Car_4530,2011,2.16,15.69,29256,Petrol,Individual,Automatic,1
Car_4531,2016,2.43,10.54,133121,Petrol,Individual,Manual,1
Car_4532,2023,13.83,15.48,85732,Diesel,Individual,Automatic,1
Car_4533,2011,1.09,10.2,135145,Diesel,Individual,Manual,0
Car_4534,2014,0.73,4.39,138578,Diesel,Individual,Manual,1
Car_4535,2020,14.71,24.84,103120,Diesel,Individual,Automatic,0
Car_4536,2007,0.5,5.36,49840,Petrol,Dealer,Manual,2
Car_4537,2014,0.73,4.13,117647,Petrol,Individual,Manual,0
Car_4538,2010,2.02,22.27,64321,Petrol,Individual,Manual,0
Car_4539,2022,7.42,9.29,48202,Petrol,Dealer,Automatic,0
Car_4540,2022,10.61,17.13,139162,Petrol,Individual,Manual,0
Car_4541,2009,0.87,9.9,64231,Diesel,Individual,Manual,0
Car_4542,2011,1.31,11.31,26552,Petrol,Dealer,Manual,0
Car_4543,2006,0.5,8.4,26661,Diesel,Individual,Manual,0
Car_4544,2015,2.42,10.22,142164,Diesel,Dealer,Automatic,0
Car_4545,2017,3.54,11.74,136642,Petrol,Dealer,Automatic,2
Car_4546,2009,1.86,18.71,148156,Diesel,Individual,Automatic,0
Car_4547,2010,1.33,14.01,70843,Petrol,Individual,Automatic,2
Car_4548,2018,8.17,23.73,74278,Petrol,Individual,Automatic,2
Car_4549,2016,0.93,3.44,99328,Petrol,Dealer,Manual,0
Car_4550,2008,0.83,13.82,136837,Petrol,Individual,Manual,0
Car_4551,2010,1.66,15.65,131355,Diesel,Dealer,Manual,0
Car_4552,2014,4.28,23.2,29198,Diesel,Individual,Manual,1
Car_4553,2022,2.27,3.61,66201,Petrol,Individual,Manual,1
Car_4554,2019,6.22,15.4,78271,Petrol,Individual,Manual,0
Car_4555,2012,3.29,21.71,147449,Petrol,Dealer,Automatic,0
Car_4556,2013,1.32,7.94,116578,Diesel,Individual,Manual,1
Car_4557,2009,1.63,22.22,144108,Petrol,Individual,Manual,0
Car_4558,2014,0.56,2.93,45364,Diesel,Dealer,Manual,2
Car_4559,2010,1.78,18.98,120227,Diesel,Dealer,Manual,0
Car_4560,2020,10.95,23.5,105353,Petrol,Individual,Manual,0
Car_4561,2007,0.92,17.29,137735,CNG,Individual,Manual,0
Car_4562,2014,2.37,12.38,82564,Petrol,Individual,Manual,1
Car_4563,2015,0.79,3.51,110447,CNG,Dealer,Automatic,0
Car_4564,2015,6.24,23.2,24631,Petrol,Individual,Automatic,0
Car_4565,2021,8.58,13.08,38500,Petrol,Dealer,Manual,0
Car_4566,2008,0.5,3.15,63915,Diesel,Individual,Manual,0
Car_4567,2008,1.51,18.02,107760,Diesel,Individual,Automatic,1
Car_4568,2021,8.22,13.34,31897,Diesel,Individual,Manual,0
Car_4569,2013,0.76,5.3,106639,Petrol,Individual,Manual,1
Car_4570,2023,4.73,7.32,118849,CNG,Individual,Manual,0
Car_4571,2009,0.5,3.95,116118,Petrol,Individual,Automatic,0
Car_4572,2010,1.56,15.42,62320,Petrol,Dealer,Automatic,1
Car_4573,2007,1.12,16.5,73289,Petrol,Dealer,Automatic,1
Car_4574,2005,0.71,13.88,36941,Diesel,Dealer,Manual,1
Car_4575,2020,10.85,20.88,80172,Diesel,Individual,Manual,0
Car_4576,2015,3.96,21.87,8376,Petrol,Individual,Manual,3
Car_4577,2017,5.71,16.35,35783,Petrol,Individual,Automatic,0
Car_4578,2014,0.55,2.79,48025,Petrol,Dealer,Manual,0
Car_4579,2007,1.17,18.14,21447,Petrol,Dealer,Manual,0
Car_4580,2013,2.12,11.9,21713,Petrol,Dealer,Manual,0
Car_4581,2016,4.9,15.23,133869,Diesel,Dealer,Automatic,1
Car_4582,2018,6.88,17.1,9858,Diesel,Individual,Manual,0
Car_4583,2005,0.5,10.38,64834,CNG,Dealer,Automatic,3
Car_4584,2022,15.44,23.13,87060,Petrol,Dealer,Manual,0
Car_4585,2021,3.05,5.51,140611,Petrol,Dealer,Manual,1
Car_4586,2013,2.73,17.61,108898,Petrol,Individual,Manual,1
Car_4587,2013,0.5,2.6,107207,Diesel,Individual,Manual,2
Car_4588,2014,3.99,23.3,141436,Petrol,Individual,Manual,0
Car_4589,2023,3.7,5.03,91366,CNG,Dealer,Automatic,3
Car_4590,2019,1.91,4.63,5869,Diesel,Individual,Manual,2
Car_4591,2009,0.72,9.99,67624,Petrol,Individual,Manual,3
Car_4592,2019,4.73,10.91,98676,Petrol,Dealer,Automatic,2
Car_4593,2006,0.5,7.32,8659,Diesel,Dealer,Manual,2
Car_4594,2017,5.04,15.67,111888,Diesel,Dealer,Manual,1
Car_4595,2020,5.4,12.47,63185,Petrol,Individual,Manual,2
Car_4596,2019,1.28,3.27,122136,Petrol,Dealer,Manual,1
Car_4597,2014,1.76,9.69,67758,Diesel,Individual,Manual,1
Car_4598,2018,6.84,20.73,141203,Diesel,Dealer,Manual,1
Car_4599,2014,2.62,18.02,137430,Petrol,Individual,Manual,3
Car_4600,2018,7.82,18.81,96150,Petrol,Dealer,Automatic,0
Car_4601,2013,2.81,18.21,22216,Petrol,Individual,Manual,2
Car_4602,2018,3.02,9.5,46209,CNG,Individual,Manual,0
Car_4603,2007,0.5,4.74,47987,Petrol,Individual,Automatic,0
Car_4604,2020,4.93,8.63,113024,Diesel,Dealer,Manual,0
Car_4605,2006,1.24,21.22,47320,Diesel,Dealer,Manual,0
Car_4606,2014,3.76,24.56,16301,Petrol,Individual,Manual,3
Car_4607,2007,0.97,13.61,131560,Diesel,Dealer,Automatic,0
Car_4608,2015,0.58,2.72,5891,Petrol,Individual,Manual,1
Car_4609,2015,1.56,5.65,55457,Diesel,Individual,Automatic,0
Car_4610,2017,3.01,9.75,118389,Diesel,Individual,Automatic,2
Car_4611,2011,1.83,15.52,25932,Petrol,Dealer,Manual,2
Car_4612,2021,2.74,4.19,9192,Petrol,Individual,Automatic,0
Car_4613,2006,1.43,23.73,21128,Diesel,Individual,Manual,0
Car_4614,2016,2.94,10.71,27836,Petrol,Individual,Manual,0
Car_4615,2014,4.47,23.03,29837,Petrol,Individual,Manual,0
Car_4616,2022,13.38,20.06,122028,Petrol,Individual,Manual,0
Car_4617,2015,3.78,19.5,121481,CNG,Individual,Automatic,3
Car_4618,2020,7.13,16.15,130176,Diesel,Individual,Manual,2
Car_4619,2021,10.36,16.6,130172,Diesel,Individual,Manual,0
Car_4620,2023,14.04,16.86,27778,Petrol,Individual,Automatic,3
Car_4621,2022,12.8,16.65,48130,Petrol,Individual,Automatic,0
Car_4622,2007,1.04,14.96,21708,Petrol,Dealer,Automatic,0
Car_4623,2020,13.17,24.69,112481,Petrol,Individual,Automatic,1
Car_4624,2010,2.09,18.98,9782,Diesel,Individual,Manual,0
Car_4625,2016,5.27,19.98,15052,Diesel,Individual,Manual,0
Car_4626,2015,5.08,22.13,24521,Petrol,Individual,Manual,0
Car_4627,2019,3.21,7.35,74690,Diesel,Dealer,Manual,1
Car_4628,2019,1.62,4.39,40546,Petrol,Individual,Manual,2
Car_4629,2020,7.13,13.37,109713,Petrol,Individual,Automatic,1
Car_4630,2014,2.8,14.07,107617,Diesel,Individual,Automatic,1
Car_4631,2016,5.91,21.16,27030,Diesel,Dealer,Manual,1
Car_4632,2017,4.45,12.49,94831,Diesel,Individual,Automatic,0
Car_4633,2008,0.99,15.34,82400,Petrol,Individual,Manual,2
Car_4634,2011,1.52,14.36,23055,Petrol,Individual,Manual,1
Car_4635,2006,0.5,3.36,79861,Petrol,Individual,Automatic,0
Car_4636,2019,6.99,16.34,126184,Diesel,Individual,Manual,0
Car_4637,2012,2.86,21.13,121524,Diesel,Individual,Automatic,3
Car_4638,2011,0.61,6.04,121826,Petrol,Individual,Manual,0
Car_4639,2019,7.76,15.87,41775,Diesel,Dealer,Automatic,2
Car_4640,2018,5.67,15.86,90909,Petrol,Dealer,Manual,0
Car_4641,2012,0.88,6.19,41253,Diesel,Individual,Manual,1
Car_4642,2016,1.41,5.28,56884,Petrol,Dealer,Manual,0
Car_4643,2017,7.01,24.55,81497,Petrol,Individual,Manual,2
Car_4644,2015,2.43,11.36,22705,Petrol,Individual,Manual,1
Car_4645,2021,4.54,7.62,96640,Petrol,Individual,Manual,0
Car_4646,2021,4.68,6.35,12101,Diesel,Individual,Automatic,0
Car_4647,2008,1.39,17.52,67495,Diesel,Individual,Automatic,0
Car_4648,2012,2.28,16.21,140815,Diesel,Dealer,Manual,2
Car_4649,2009,1.49,16.98,13951,Diesel,Individual,Manual,1
Car_4650,2020,2.22,4.48,143086,Petrol,Dealer,Automatic,2
Car_4651,2008,1.37,22.6,41180,CNG,Individual,Manual,0
Car_4652,2019,4.15,11.26,61977,CNG,Individual,Manual,1
Car_4653,2016,2.25,9.55,68209,Petrol,Dealer,Manual,3
Car_4654,2009,0.94,12.9,113575,Petrol,Dealer,Manual,1
Car_4655,2020,5.96,11.28,55918,Diesel,Individual,Manual,0
Car_4656,2018,6.7,21.93,144291,Petrol,Individual,Manual,1
Car_4657,2014,3.79,23.41,143235,Diesel,Individual,Manual,1
Car_4658,2011,1.0,9.33,138542,Petrol,Individual,Manual,1
Car_4659,2017,5.76,21.94,125014,Diesel,Individual,Manual,0
Car_4660,2009,1.55,20.08,83950,Diesel,Individual,Manual,0
Car_4661,2007,1.6,23.44,12749,Petrol,Dealer,Automatic,2
Car_4662,2019,3.78,8.03,29182,Petrol,Individual,Automatic,0
Car_4663,2008,1.09,15.48,82450,Petrol,Individual,Manual,0
Car_4664,2019,3.29,8.68,85543,Petrol,Individual,Manual,1
Car_4665,2018,7.46,21.04,101487,Diesel,Individual,Manual,1
Car_4666,2023,1.64,2.62,115227,Petrol,Dealer,Manual,3
Car_4667,2017,5.44,15.21,83578,Diesel,Individual,Automatic,0
Car_4668,2014,1.63,10.13,121258,Petrol,Individual,Manual,1
Car_4669,2009,1.06,9.76,18181,Diesel,Dealer,Manual,0
Car_4670,2010,1.57,17.01,49898,CNG,Dealer,Manual,0
Car_4671,2008,1.71,21.66,8405,Petrol,Dealer,Automatic,0
Car_4672,2006,0.79,16.21,15862,CNG,Individual,Manual,1
Car_4673,2020,11.09,21.7,33688,Diesel,Individual,Manual,1
Car_4674,2022,5.86,8.45,53017,Petrol,Individual,Manual,0
Car_4675,2009,1.36,14.19,17939,Diesel,Dealer,Manual,0
Car_4676,2008,0.78,12.64,109152,Petrol,Dealer,Manual,1
Car_4677,2017,0.9,2.76,44585,Petrol,Individual,Manual,0
Car_4678,2023,12.11,15.03,121315,Diesel,Dealer,Manual,0
Car_4679,2006,0.79,17.38,109447,Diesel,Individual,Manual,1
Car_4680,2017,5.05,15.82,141344,Diesel,Dealer,Manual,0
Car_4681,2015,4.27,19.07,86560,Petrol,Dealer,Manual,0
Car_4682,2008,0.94,15.36,102435,CNG,Individual,Manual,1
Car_4683,2019,2.07,4.0,74283,Diesel,Individual,Automatic,0
Car_4684,2008,0.5,5.12,14297,CNG,Dealer,Automatic,2
Car_4685,2013,2.83,15.92,69005,Petrol,Individual,Automatic,1
Car_4686,2011,0.95,8.69,133833,Diesel,Dealer,Manual,0
Car_4687,2023,3.2,4.29,137679,Diesel,Individual,Manual,1
Car_4688,2023,8.52,12.17,135654,Petrol,Individual,Manual,0
Car_4689,2010,1.3,14.97,91994,CNG,Dealer,Manual,1
Car_4690,2010,0.99,9.9,61305,Petrol,Dealer,Manual,1
Car_4691,2019,6.94,18.71,127688,Petrol,Dealer,Manual,2
Car_4692,2019,6.03,16.98,12645,CNG,Individual,Manual,3
Car_4693,2013,1.48,9.99,47238,CNG,Individual,Manual,1
Car_4694,2008,1.37,19.48,74694,Petrol,Dealer,Manual,1
Car_4695,2022,13.16,17.1,21786,Petrol,Dealer,Manual,0
Car_4696,2022,12.35,16.84,45693,Diesel,Individual,Manual,2
Car_4697,2009,1.22,14.95,101447,CNG,Individual,Manual,0
Car_4698,2015,0.6,2.76,74702,Diesel,Individual,Manual,1
Car_4699,2009,1.71,18.17,89845,Diesel,Individual,Automatic,0
Car_4700,2008,0.91,10.96,20076,Diesel,Dealer,Automatic,0
Car_4701,2016,6.91,23.71,24377,Petrol,Individual,Manual,0
Car_4702,2006,0.99,20.9,145350,CNG,Individual,Automatic,0
Car_4703,2017,4.7,15.72,132368,Petrol,Dealer,Manual,0
Car_4704,2014,1.73,8.17,38539,Diesel,Individual,Manual,0
Car_4705,2013,1.07,7.08,131552,Petrol,Individual,Manual,0
Car_4706,2014,1.94,10.16,147512,Petrol,Individual,Automatic,0
Car_4707,2011,1.83,13.22,31245,Diesel,Dealer,Manual,0
Car_4708,2008,0.57,9.16,72092,CNG,Individual,Manual,1
Car_4709,2023,9.96,14.09,114454,Diesel,Individual,Manual,2
Car_4710,2014,1.35,6.22,137223,Diesel,Individual,Automatic,1
Car_4711,2007,1.37,24.5,144111,Petrol,Individual,Manual,0
Car_4712,2023,4.01,4.93,52427,Diesel,Individual,Manual,0
Car_4713,2006,1.14,23.47,76839,Petrol,Individual,Manual,0
Car_4714,2014,4.25,23.06,121801,Petrol,Dealer,Automatic,2
Car_4715,2006,0.66,14.32,115845,Petrol,Individual,Manual,0
Car_4716,2006,0.97,18.81,91298,Diesel,Individual,Manual,1
Car_4717,2021,6.71,12.31,94147,CNG,Individual,Manual,0
Car_4718,2020,8.77,16.68,60413,Diesel,Dealer,Manual,0
Car_4719,2020,4.6,10.16,70958,Petrol,Individual,Manual,1
Car_4720,2018,3.74,9.28,36275,Petrol,Dealer,Manual,0
Car_4721,2011,2.27,15.51,31597,Diesel,Dealer,Automatic,0
Car_4722,2015,2.65,13.71,82521,Petrol,Dealer,Manual,2
Car_4723,2005,0.65,15.54,99243,Petrol,Individual,Automatic,0
Car_4724,2015,2.47,8.95,73908,Diesel,Dealer,Automatic,1
Car_4725,2008,0.7,10.76,60188,CNG,Individual,Manual,0
Car_4726,2011,0.5,4.39,39710,Petrol,Dealer,Manual,3
Car_4727,2019,1.44,3.68,123493,Petrol,Individual,Automatic,1
Car_4728,2022,5.95,8.2,54249,Diesel,Individual,Manual,0
Car_4729,2016,0.96,4.17,39247,Diesel,Individual,Manual,2
Car_4730,2021,3.08,4.83,31408,Diesel,Individual,Manual,0
Car_4731,2005,0.95,20.79,81313,Petrol,Individual,Manual,0
Car_4732,2015,0.74,3.37,10443,Petrol,Individual,Manual,1
Car_4733,2005,0.73,17.33,135270,CNG,Individual,Automatic,1
Car_4734,2019,3.85,8.63,136151,Petrol,Individual,Automatic,1
Car_4735,2014,3.91,22.11,101818,Diesel,Individual,Manual,1
Car_4736,2011,1.49,13.41,148973,Petrol,Dealer,Manual,0
Car_4737,2006,0.5,9.38,86785,Diesel,Individual,Manual,3
Car_4738,2014,2.38,14.15,131691,Diesel,Individual,Manual,2
Car_4739,2008,0.83,11.09,40391,Petrol,Dealer,Manual,1
Car_4740,2016,5.07,15.2,39171,Diesel,Individual,Automatic,0
Car_4741,2023,3.86,5.08,120019,Petrol,Individual,Automatic,2
Car_4742,2015,5.3,24.93,12485,CNG,Individual,Manual,1
Car_4743,2012,1.41,12.08,132628,Petrol,Dealer,Manual,3
Car_4744,2022,6.59,10.34,115104,Petrol,Individual,Manual,0
Car_4745,2015,3.84,18.48,120427,Petrol,Individual,Manual,1
Car_4746,2015,2.21,10.69,95153,Diesel,Dealer,Manual,3
Car_4747,2017,7.45,21.25,42748,Diesel,Individual,Automatic,0
Car_4748,2007,0.77,12.72,139950,Petrol,Individual,Automatic,1
Car_4749,2016,4.47,18.69,138021,Diesel,Individual,Automatic,3
Car_4750,2007,0.5,4.92,92150,Diesel,Individual,Automatic,1
Car_4751,2014,3.71,21.54,94364,Diesel,Individual,Automatic,1
Car_4752,2021,13.79,19.05,120925,Diesel,Individual,Automatic,0
Car_4753,2006,0.5,7.26,14958,Diesel,Individual,Manual,1
Car_4754,2021,3.53,5.77,144769,Diesel,Individual,Manual,0
Car_4755,2020,4.55,9.62,92160,Petrol,Individual,Manual,0
Car_4756,2006,1.29,24.46,20493,Petrol,Individual,Manual,1
Car_4757,2010,0.77,8.28,26199,CNG,Individual,Manual,0
Car_4758,2014,2.5,12.76,35493,Petrol,Dealer,Automatic,2
Car_4759,2014,0.5,3.18,116545,Petrol,Individual,Manual,1
Car_4760,2012,1.39,11.44,54002,CNG,Dealer,Manual,1
Car_4761,2005,0.76,15.35,28731,Petrol,Dealer,Manual,0
Car_4762,2017,7.54,23.95,143148,Diesel,Individual,Manual,0
Car_4763,2013,2.46,14.13,6071,Diesel,Individual,Manual,0
Car_4764,2014,3.51,20.93,104926,CNG,Individual,Manual,0
Car_4765,2019,5.13,14.81,132872,Petrol,Individual,Manual,2
Car_4766,2009,0.5,3.42,46410,Petrol,Dealer,Manual,1
Car_4767,2020,3.51,9.59,99948,CNG,Individual,Manual,2
Car_4768,2017,4.44,15.45,46041,Petrol,Individual,Manual,1
Car_4769,2022,16.15,23.89,128616,Diesel,Individual,Manual,1
Car_4770,2015,5.0,21.83,58326,Diesel,Dealer,Manual,1
Car_4771,2013,1.25,7.64,58096,Petrol,Individual,Manual,0
Car_4772,2020,3.29,7.45,48167,CNG,Individual,Manual,1
Car_4773,2006,0.5,7.03,66292,Diesel,Individual,Manual,0
Car_4774,2006,1.26,23.26,80419,Petrol,Dealer,Manual,1
Car_4775,2016,6.53,21.68,92753,Petrol,Individual,Automatic,0
Car_4776,2012,2.24,19.93,146779,Petrol,Dealer,Manual,1
Car_4777,2013,1.65,11.34,149212,Petrol,Individual,Manual,0
Car_4778,2016,4.95,13.85,16093,Diesel,Individual,Automatic,0
Car_4779,2013,2.26,12.95,109089,Petrol,Dealer,Automatic,1
Car_4780,2014,1.46,8.2,77043,Petrol,Individual,Manual,0
Car_4781,2006,0.68,13.86,129534,CNG,Individual,Automatic,0
Car_4782,2020,1.84,3.19,141902,Diesel,Dealer,Automatic,0
Car_4783,2011,0.61,5.47,107865,Petrol,Dealer,Manual,0
Car_4784,2006,1.11,22.45,129678,CNG,Dealer,Automatic,2
Car_4785,2005,0.86,19.41,52287,Petrol,Dealer,Manual,1
Car_4786,2023,8.17,12.01,38427,CNG,Dealer,Manual,2
Car_4787,2008,1.02,14.14,134849,Diesel,Dealer,Manual,0
Car_4788,2006,0.57,10.82,114839,Diesel,Dealer,Manual,0
Car_4789,2018,7.81,19.17,97662,Diesel,Individual,Automatic,1
Car_4790,2006,1.24,20.14,22970,Diesel,Individual,Automatic,0
Car_4791,2019,9.27,19.67,75218,Diesel,Individual,Automatic,0
Car_4792,2016,4.6,18.76,79362,Diesel,Individual,Manual,1
Car_4793,2009,0.5,7.1,115949,Petrol,Dealer,Manual,1
Car_4794,2011,1.13,10.1,131895,Petrol,Individual,Automatic,0
Car_4795,2014,3.0,13.07,32315,Diesel,Dealer,Manual,0
Car_4796,2018,3.48,9.94,88804,Diesel,Individual,Manual,1
Car_4797,2018,8.86,19.49,46581,Diesel,Individual,Automatic,0
Car_4798,2009,0.8,9.91,102357,Diesel,Dealer,Manual,2
Car_4799,2022,3.47,5.61,124761,Diesel,Individual,Manual,2
Car_4800,2018,3.48,11.48,118984,Petrol,Individual,Manual,2
Car_4801,2006,1.22,24.55,97449,Petrol,Individual,Manual,0
Car_4802,2016,2.06,7.58,135522,Diesel,Dealer,Manual,0
Car_4803,2010,1.85,16.27,48030,Diesel,Dealer,Manual,2
Car_4804,2008,0.87,12.24,67245,Diesel,Individual,Manual,0
Car_4805,2017,1.56,4.1,40133,Diesel,Dealer,Automatic,0
Car_4806,2008,1.0,13.48,48998,Diesel,Individual,Manual,0
Car_4807,2018,6.12,18.3,120603,Diesel,Individual,Manual,0
Car_4808,2020,6.5,14.05,53245,Petrol,Individual,Manual,1
Car_4809,2008,1.55,22.12,28557,Diesel,Dealer,Manual,2
Car_4810,2005,0.5,9.0,75474,Petrol,Dealer,Automatic,1
Car_4811,2017,1.29,4.44,96228,Petrol,Dealer,Manual,1
Car_4812,2008,1.52,23.57,70074,Petrol,Individual,Manual,0
Car_4813,2022,7.35,11.01,63204,Petrol,Individual,Manual,1
Car_4814,2010,1.51,15.47,11846,Petrol,Individual,Manual,0
Car_4815,2007,1.37,20.32,28694,Petrol,Individual,Automatic,0
Car_4816,2017,3.59,9.8,26740,Petrol,Individual,Automatic,0
Car_4817,2020,8.19,18.61,35996,CNG,Individual,Manual,1
Car_4818,2009,0.54,5.55,68874,Petrol,Dealer,Automatic,0
Car_4819,2008,0.55,9.05,102661,Diesel,Dealer,Manual,3
Car_4820,2012,0.66,5.76,111945,Diesel,Dealer,Manual,3
Car_4821,2023,17.83,20.75,27970,Petrol,Individual,Manual,0
Car_4822,2018,2.41,7.51,146967,Petrol,Individual,Manual,0
Car_4823,2011,2.06,18.64,93890,Petrol,Dealer,Manual,1
Car_4824,2018,8.93,23.72,62300,Diesel,Individual,Automatic,3
Car_4825,2010,1.55,14.37,66915,Petrol,Dealer,Automatic,2
Car_4826,2016,3.58,14.65,144516,Petrol,Dealer,Manual,0
Car_4827,2020,6.11,12.87,80147,Petrol,Individual,Manual,0
Car_4828,2021,7.14,9.83,81064,Diesel,Individual,Automatic,0
Car_4829,2017,4.95,13.2,71535,Diesel,Dealer,Manual,0
Car_4830,2018,5.63,16.06,8760,Petrol,Individual,Manual,0
Car_4831,2011,2.46,24.68,107715,Petrol,Individual,Manual,1
Car_4832,2018,8.25,23.6,130491,Petrol,Dealer,Manual,0
Car_4833,2019,6.73,21.9,135992,Petrol,Individual,Manual,2
Car_4834,2016,6.34,22.51,67399,Petrol,Dealer,Manual,0
Car_4835,2021,8.8,13.03,67278,Diesel,Dealer,Manual,0
Car_4836,2013,2.9,17.29,118286,Diesel,Dealer,Manual,0
Car_4837,2019,11.41,22.64,149151,Diesel,Dealer,Automatic,0
Car_4838,2016,3.53,11.34,142967,Diesel,Dealer,Automatic,1
Car_4839,2006,1.24,24.14,98515,Petrol,Dealer,Manual,0
Car_4840,2009,0.82,11.86,57142,Petrol,Individual,Manual,2
Car_4841,2017,3.97,16.02,132157,Petrol,Individual,Manual,3
Car_4842,2012,2.39,18.47,148624,Diesel,Dealer,Manual,2
Car_4843,2018,9.42,23.89,97930,Petrol,Dealer,Automatic,1
Car_4844,2019,3.31,8.0,102812,CNG,Dealer,Manual,1
Car_4845,2015,4.44,19.29,75063,Diesel,Individual,Manual,0
Car_4846,2005,0.58,14.22,135990,Petrol,Dealer,Automatic,1
Car_4847,2007,0.5,8.54,17247,Diesel,Individual,Manual,3
Car_4848,2021,13.89,19.97,22603,Petrol,Individual,Automatic,0
Car_4849,2023,13.75,14.93,107099,Petrol,Individual,Automatic,1
Car_4850,2018,5.97,17.37,5527,Petrol,Individual,Manual,2
Car_4851,2012,1.39,9.77,10849,Petrol,Dealer,Automatic,3
Car_4852,2017,4.09,13.33,55314,Diesel,Individual,Manual,0
Car_4853,2007,1.37,16.39,22230,Diesel,Individual,Automatic,0
Car_4854,2009,0.81,11.61,97229,Petrol,Individual,Manual,0
Car_4855,2013,1.2,6.96,77495,Petrol,Individual,Automatic,1
Car_4856,2010,2.41,24.14,106390,Petrol,Dealer,Automatic,0
Car_4857,2006,0.72,14.01,96937,Diesel,Individual,Manual,0
Car_4858,2017,5.28,19.01,118723,Petrol,Individual,Manual,0
Car_4859,2009,1.13,11.75,8323,Petrol,Individual,Automatic,0
Car_4860,2012,1.45,10.49,136517,Petrol,Individual,Automatic,0
Car_4861,2005,0.5,11.66,87945,Petrol,Dealer,Manual,1
Car_4862,2016,2.72,11.71,146035,Diesel,Dealer,Manual,2
Car_4863,2015,3.21,14.74,125801,Diesel,Individual,Manual,0
Car_4864,2011,1.85,14.73,86947,Diesel,Individual,Automatic,1
Car_4865,2019,5.25,13.69,146919,Diesel,Individual,Manual,1
Car_4866,2015,1.44,5.53,139308,Diesel,Individual,Automatic,0
Car_4867,2020,5.85,13.66,66897,Petrol,Individual,Manual,2
Car_4868,2007,0.5,6.3,123636,Petrol,Individual,Manual,0
Car_4869,2018,1.97,5.34,18487,Petrol,Individual,Manual,1
Car_4870,2007,1.45,23.48,82384,Diesel,Individual,Manual,1
Car_4871,2005,0.66,16.11,18155,CNG,Dealer,Manual,1
Car_4872,2019,7.21,17.34,16255,Petrol,Individual,Manual,0
Car_4873,2005,0.5,11.54,125860,Petrol,Individual,Manual,1
Car_4874,2021,13.18,22.95,138051,Petrol,Dealer,Manual,1
Car_4875,2006,0.77,16.85,130596,Diesel,Individual,Manual,1
Car_4876,2010,1.94,19.81,79543,Diesel,Dealer,Manual,2
Car_4877,2012,1.34,10.79,40094,Petrol,Individual,Manual,1
Car_4878,2020,13.12,24.1,14734,Diesel,Individual,Manual,0
Car_4879,2023,19.91,20.96,44605,Diesel,Individual,Automatic,0
Car_4880,2005,0.88,21.71,82932,Petrol,Individual,Manual,1
Car_4881,2007,0.5,6.37,129109,Petrol,Individual,Manual,1
Car_4882,2007,0.71,8.6,32881,Diesel,Dealer,Automatic,0
Car_4883,2009,0.76,8.93,45122,Petrol,Individual,Manual,0
Car_4884,2016,2.54,8.6,40297,Petrol,Individual,Automatic,0
Car_4885,2016,5.93,21.75,116513,Petrol,Individual,Automatic,1
Car_4886,2017,1.01,3.22,41680,Diesel,Dealer,Manual,1
Car_4887,2013,0.65,4.21,88452,Diesel,Individual,Manual,1
Car_4888,2011,1.04,8.66,56044,Diesel,Individual,Manual,0
Car_4889,2008,0.5,7.0,149582,Petrol,Individual,Manual,0
Car_4890,2023,4.97,7.72,95502,Petrol,Individual,Manual,1
Car_4891,2023,18.8,20.45,27152,Diesel,Dealer,Manual,0
Car_4892,2010,1.45,15.17,89738,Petrol,Individual,Manual,0
Car_4893,2017,0.96,2.63,137267,Diesel,Individual,Automatic,1
Car_4894,2015,2.26,12.16,109533,Petrol,Individual,Manual,2
Car_4895,2017,4.26,11.68,30433,Diesel,Individual,Automatic,0
Car_4896,2017,1.4,5.06,141377,Diesel,Individual,Manual,2
Car_4897,2019,8.15,17.71,53648,Diesel,Dealer,Manual,0
Car_4898,2017,5.47,18.3,47113,Petrol,Dealer,Manual,0
Car_4899,2015,4.21,18.72,108504,Diesel,Individual,Manual,0
Car_4900,2023,14.76,18.89,135431,Petrol,Dealer,Manual,1
Car_4901,2012,0.5,2.5,38062,Diesel,Individual,Manual,0
Car_4902,2012,2.96,23.96,76633,Petrol,Individual,Manual,1
Car_4903,2014,4.37,20.82,46604,Diesel,Individual,Manual,0
Car_4904,2020,12.97,22.84,142750,Petrol,Dealer,Automatic,0
Car_4905,2023,2.7,2.85,37121,Diesel,Individual,Manual,0
Car_4906,2015,4.69,23.51,130015,Diesel,Individual,Manual,1
Car_4907,2017,5.69,20.72,91940,Petrol,Individual,Manual,1
Car_4908,2013,2.72,21.34,21494,CNG,Individual,Manual,1
Car_4909,2023,3.27,4.6,145750,Petrol,Dealer,Manual,1
Car_4910,2020,9.02,19.12,51235,CNG,Individual,Automatic,1
Car_4911,2011,2.99,24.1,137720,Diesel,Individual,Automatic,1
Car_4912,2023,11.27,17.77,86213,CNG,Individual,Manual,3
Car_4913,2016,4.02,15.34,21489,Petrol,Individual,Manual,1
Car_4914,2019,9.1,23.78,82281,Petrol,Dealer,Manual,1
Car_4915,2018,4.26,12.47,141890,Diesel,Dealer,Manual,1
Car_4916,2015,2.94,15.98,113190,CNG,Individual,Manual,1
Car_4917,2014,2.28,13.22,129613,Petrol,Individual,Manual,0
Car_4918,2015,4.66,23.49,109222,Petrol,Dealer,Manual,1
Car_4919,2010,0.5,4.21,6316,Petrol,Individual,Manual,0
Car_4920,2006,0.77,13.78,65046,Diesel,Individual,Manual,0
Car_4921,2015,4.07,17.96,83643,Diesel,Dealer,Manual,1
Car_4922,2023,14.73,20.32,102504,Petrol,Individual,Manual,0
Car_4923,2010,1.36,15.62,120594,Petrol,Dealer,Manual,2
Car_4924,2018,7.91,22.95,69042,Diesel,Individual,Manual,1
Car_4925,2010,2.46,23.69,133295,Petrol,Individual,Automatic,1
Car_4926,2021,2.42,3.95,119430,Diesel,Dealer,Automatic,0
Car_4927,2014,1.85,11.55,130782,Petrol,Individual,Manual,1
Car_4928,2005,0.5,3.03,148944,Diesel,Individual,Manual,0
Car_4929,2007,0.69,9.91,55094,Diesel,Dealer,Manual,0
Car_4930,2012,2.35,14.58,52719,Diesel,Individual,Automatic,2
Car_4931,2012,3.18,22.99,126103,Petrol,Individual,Automatic,0
Car_4932,2019,8.1,21.55,133826,Diesel,Individual,Manual,1
Car_4933,2011,0.57,5.37,55478,Petrol,Individual,Manual,2
Car_4934,2015,0.89,4.59,48677,Diesel,Dealer,Manual,3
Car_4935,2011,1.89,15.76,146832,Petrol,Dealer,Automatic,1
Car_4936,2008,1.24,14.47,16584,Diesel,Individual,Automatic,1
Car_4937,2016,2.05,8.49,7106,Petrol,Individual,Manual,2
Car_4938,2010,1.97,22.74,149741,Petrol,Individual,Automatic,2
Car_4939,2018,7.26,23.37,30223,Petrol,Individual,Manual,1
Car_4940,2016,2.77,11.56,40706,CNG,Individual,Manual,1
Car_4941,2015,4.63,22.53,65369,CNG,Individual,Manual,0
Car_4942,2023,9.3,11.14,15015,Petrol,Individual,Manual,0
Car_4943,2009,1.62,19.08,87164,Petrol,Dealer,Manual,0
Car_4944,2018,4.65,13.21,56500,Petrol,Dealer,Manual,1
Car_4945,2020,3.24,5.26,68925,Petrol,Dealer,Automatic,0
Car_4946,2017,7.91,23.38,95979,Diesel,Individual,Automatic,1
Car_4947,2008,0.85,12.72,101355,Petrol,Dealer,Manual,1
Car_4948,2015,4.73,19.03,59909,Diesel,Dealer,Manual,0
Car_4949,2021,8.31,10.76,16565,Diesel,Dealer,Automatic,0
Car_4950,2011,0.5,2.92,32597,Diesel,Dealer,Manual,1
Car_4951,2018,1.95,4.76,70623,Diesel,Dealer,Automatic,2
Car_4952,2015,2.61,13.66,145504,Petrol,Dealer,Manual,1
Car_4953,2013,3.04,18.02,79300,Petrol,Individual,Automatic,0
Car_4954,2017,3.1,10.03,96837,Diesel,Dealer,Manual,1
Car_4955,2022,10.99,18.15,54314,Petrol,Individual,Manual,2
Car_4956,2015,4.22,18.22,46965,Petrol,Dealer,Manual,1
Car_4957,2019,7.36,18.34,102449,CNG,Individual,Automatic,0
Car_4958,2023,11.24,13.58,72957,Diesel,Individual,Manual,0
Car_4959,2005,1.18,23.08,33317,Petrol,Individual,Automatic,0
Car_4960,2008,1.11,13.51,124191,Diesel,Individual,Automatic,0
Car_4961,2018,4.61,12.63,71753,Petrol,Dealer,Manual,0
Car_4962,2018,2.42,6.99,40242,CNG,Dealer,Manual,1
Car_4963,2007,0.5,9.42,137001,Petrol,Individual,Manual,1
Car_4964,2021,1.85,3.45,111262,Diesel,Individual,Manual,1
Car_4965,2007,1.02,16.75,104806,Diesel,Individual,Manual,0
Car_4966,2020,3.93,8.09,103724,Petrol,Individual,Manual,0
Car_4967,2018,3.72,9.34,18580,Diesel,Individual,Manual,1
Car_4968,2017,4.64,19.84,109134,CNG,Individual,Manual,3
Car_4969,2019,4.29,9.86,100967,Diesel,Individual,Manual,0
Car_4970,2018,2.96,7.95,25742,Petrol,Individual,Manual,0
Car_4971,2023,5.99,6.3,22833,Diesel,Dealer,Automatic,0
Car_4972,2010,1.48,19.93,101421,CNG,Individual,Manual,1
Car_4973,2014,0.97,5.42,76347,Petrol,Dealer,Automatic,3
Car_4974,2019,5.41,12.71,79155,Diesel,Individual,Manual,1
Car_4975,2010,1.11,13.91,94791,Petrol,Individual,Manual,2
Car_4976,2014,3.18,17.97,149599,Petrol,Individual,Manual,0
Car_4977,2011,2.16,16.75,119527,Petrol,Individual,Automatic,0
Car_4978,2021,10.28,20.74,46057,CNG,Dealer,Manual,2
Car_4979,2022,2.61,3.51,49261,Diesel,Dealer,Manual,0
Car_4980,2021,6.0,9.17,136114,Petrol,Dealer,Automatic,0
Car_4981,2013,1.23,8.8,27769,Diesel,Individual,Manual,3
Car_4982,2014,1.2,5.79,27449,Diesel,Individual,Manual,0
Car_4983,2014,1.87,9.01,144648,Diesel,Individual,Manual,0
Car_4984,2011,1.04,9.47,41345,Petrol,Individual,Manual,0
Car_4985,2020,6.3,14.24,122926,CNG,Individual,Automatic,1
Car_4986,2022,11.48,17.43,129576,Diesel,Individual,Manual,0
Car_4987,2010,1.09,11.07,74428,Diesel,Individual,Manual,0
Car_4988,2005,0.93,18.69,9321,Petrol,Dealer,Automatic,1
Car_4989,2005,0.51,10.06,10776,Petrol,Individual,Automatic,2
Car_4990,2016,2.54,9.03,21119,Petrol,Dealer,Manual,0
Car_4991,2006,0.72,14.68,135078,CNG,Individual,Automatic,1
Car_4992,2008,0.5,3.03,57967,Petrol,Individual,Manual,1
Car_4993,2021,2.88,4.3,80723,Diesel,Dealer,Automatic,0
Car_4994,2008,0.79,11.9,117620,Petrol,Dealer,Manual,0
Car_4995,2015,4.48,23.72,142740,Petrol,Dealer,Manual,1
Car_4996,2008,1.1,18.73,85880,Petrol,Dealer,Manual,1
Car_4997,2005,0.5,4.48,13195,Diesel,Individual,Automatic,0
Car_4998,2011,2.68,21.54,107658,Diesel,Dealer,Manual,0
Car_4999,2022,13.23,18.98,62995,CNG,Dealer,Manual,0
